# Host: localhost  (Version 5.5.5-10.4.28-MariaDB)
# Date: 2024-01-04 07:11:27
# Generator: MySQL-Front 6.0  (Build 2.20)


#
# Structure for table "classify_2211501388"
#

DROP TABLE IF EXISTS `classify_2211501388`;
CREATE TABLE `classify_2211501388` (
  `data_bersih` tinytext NOT NULL,
  `id_actual` varchar(3) DEFAULT NULL,
  `id_predicted` varchar(3) DEFAULT NULL
) ENGINE=InnoDB DEFAULT CHARSET=utf8mb4 COLLATE=utf8mb4_general_ci;

#
# Data for table "classify_2211501388"
#

INSERT INTO `classify_2211501388` VALUES ('berita bkompasb tv jakarta bkompasbtv rabu petang prabowo datang layat rumah duka mendiang rizal ramli jalan bangkanbsp','1','3'),('capres nomer urut anies baswedan waktu laku live tiktok anies aku pertama kali guna aplikasinbsp','','3'),('presiden joko widodo jokowi resmi enam jembatan jalur lintas utara jawa tengah rabu','','1'),('topeng baik ramah pakai masa kampanye milu moga masyarakat pandai bijak sikap',NULL,'0'),('presiden joko widodo jokowi harap indonesia manfaat bonus demografi lompat jadi negara maju',NULL,'0'),('safari politik selasa sore ganjar temu ratus warga kelompok milenial bagai kota taman kopi jepara','','1'),('calon presiden capres nomer urut anies baswedan dapat juluk baru abah online usai laku live social media tiktok',NULL,'0'),('berita bkompasb tv jakarta bkompasbtv menko polhukam mahfud md kata aktip kantor jadi serta kontestasinbsp','','1'),('bawah judul quotex kapten suradi tuntut hukum matiquot hari bkompasb terbit januari turun lapor mahkamah milter',NULL,'0'),('api cepat besar buat warga mukim padat duduk panik tugas madam bakar jakarta barat langsung upaya memadamkannbsp','','1'),('dapat beda datang kepala staf presiden moeldoko sebut deklarasi satpol pp garut dukung gibran rakamubing rakanbsp',NULL,'0'),('berita bkompasb tv jogjakarta bkompasbtv awal tahun calon presiden nomer urut anies baswedan nostalgia unjung rumahnbsp',NULL,'0'),('menko polhukam mahfud md kata aktip kantor jadi serta kontestasi pilpres cawapres nomer urutnbsp','','3'),('azza tunduk polisi hasil tangkap rumah diri jawa timur polisi tanya perihal jadi bunuh dinbsp','','3'),('berita bkompasb tv sumbar bkompasbtv capres nomer urut satu kampanye sumatera barat dua periode pilpres klaim basisnbsp','','3'),('tiga laku edar uang palsu wilayah camat sumur kabupaten pandeglang banten tangkap polisi laku polisi turutnbsp',NULL,'0'),('api kobar hangus mes karyawan gudang kayu letak jalan youmake kabupaten jayapura papua selasa malam','','3'),('tri tahan prabowo subianto layat rumah duka rizal ramli jalan bangka ix jakarta selatan rabu',NULL,'0'),('unhcr sebut alas karna ungsi rohingya ingat tanggal lahir milik dokumen dukung','','3');

#
# Structure for table "galert_data_2211501388"
#

DROP TABLE IF EXISTS `galert_data_2211501388`;
CREATE TABLE `galert_data_2211501388` (
  `galert_id` varchar(300) NOT NULL DEFAULT '',
  `galert_title` tinytext DEFAULT NULL,
  `galert_link` tinytext DEFAULT NULL,
  `galert_update` tinytext DEFAULT NULL,
  PRIMARY KEY (`galert_id`)
) ENGINE=InnoDB DEFAULT CHARSET=utf8mb4 COLLATE=utf8mb4_general_ci;

#
# Data for table "galert_data_2211501388"
#

INSERT INTO `galert_data_2211501388` VALUES ('tag:google.com,2005:reader/user/07852703942661585054/state/com.google/alerts/10286449770862357776','Google Alert - ekonomi','','2024-01-03T23:11:56Z'),('tag:google.com,2005:reader/user/07852703942661585054/state/com.google/alerts/12177849325072412386','Google Alert - kompas','','2024-01-03T22:29:27Z'),('tag:google.com,2005:reader/user/07852703942661585054/state/com.google/alerts/15531108136621166890','Google Alert - politik','','2024-01-03T23:37:37Z'),('tag:google.com,2005:reader/user/07852703942661585054/state/com.google/alerts/15681986777554853414','Google Alert - Teknologi','','2024-01-03T20:03:55Z');

#
# Structure for table "galert_entry_2211501388"
#

DROP TABLE IF EXISTS `galert_entry_2211501388`;
CREATE TABLE `galert_entry_2211501388` (
  `entry_id` varchar(300) NOT NULL,
  `entry_title` tinytext NOT NULL,
  `entry_link` tinytext NOT NULL,
  `entry_published` tinytext NOT NULL,
  `entry_updated` tinytext NOT NULL,
  `entry_content` tinytext NOT NULL,
  `entry_author` tinytext NOT NULL,
  `feed_id` varchar(300) NOT NULL DEFAULT '',
  PRIMARY KEY (`entry_id`)
) ENGINE=InnoDB DEFAULT CHARSET=utf8mb4 COLLATE=utf8mb4_general_ci;

#
# Data for table "galert_entry_2211501388"
#

INSERT INTO `galert_entry_2211501388` VALUES ('','','','','','','','tag:google.com,2005:reader/user/07852703942661585054/state/com.google/alerts/15531108136621166890'),('tag:google.com,2013:googlealerts/feed:10100444741004638250','Prabowo Subianto Melayat ke Rumah Duka Rizal Ramli - <b>Kompas</b> TV | Vidio','','2024-01-03T15:48:53Z','','Berita <b>Kompas</b> TV - JAKARTA, <b>KOMPAS</b>.TV - Rabu (03/01/2024) petang, Prabowo datang melayat ke rumah duka mendiang Rizal Ramli, di Jalan Bangka,&nbsp;...','  ','tag:google.com,2005:reader/user/07852703942661585054/state/com.google/alerts/12177849325072412386'),('tag:google.com,2013:googlealerts/feed:10306835475037861308','Optimalkan Keamanan dan Dukung <b>Ekonomi</b> Lokal: Sat Binmas Polres Pringsewu ...','','2024-01-03T15:40:27Z','','... <b>ekonomi</b> masyarakat setempat. Pada hari ini, mereka mengunjungi beberapa peternakan ayam petelur dan unit usaha mebel di Pekon Mataram, Kecamatan&nbsp;...','  ','tag:google.com,2005:reader/user/07852703942661585054/state/com.google/alerts/10286449770862357776'),('tag:google.com,2013:googlealerts/feed:10354868797754644519','Kocak! Anies Coba Live TikTok, Malah Dikira Jualan Kacamata - <b>KOMPAS</b>.tv','','2024-01-03T15:52:25Z','','Capres nomor urut 1 Anies Baswedan beberapa waktu lalu melakukan live TikTok. Anies mengaku ini merupakan pertama kalinya menggunakan aplikasi&nbsp;...','  ','tag:google.com,2005:reader/user/07852703942661585054/state/com.google/alerts/12177849325072412386'),('tag:google.com,2013:googlealerts/feed:10562303327279351446','Bangladesch: Friedensnobelpreisträger Yunus zu Haftstrafe verurteilt - YouTube','','2024-01-03T05:35:02Z','','/www.zeit.de/<b>politik</b>/ausland/2024-01/friedensnobelpreistraeger-muhammad-yunus-haftstrafe-bangladesch Hinweis: Dieses Video ist Teil des&nbsp;...','  ','tag:google.com,2005:reader/user/07852703942661585054/state/com.google/alerts/15531108136621166890'),('tag:google.com,2013:googlealerts/feed:10772831389027236464','Jokowi Resmikan 6 Jembatan di Lintas Utara Jawa Tengah - <b>KOMPAS</b>.tv','','2024-01-03T15:39:42Z','','Presiden Joko Widodo (Jokowi) meresmikan enam jembatan di jalur lintas utara Jawa Tengah, Rabu (3/1/2024).','  ','tag:google.com,2005:reader/user/07852703942661585054/state/com.google/alerts/12177849325072412386'),('tag:google.com,2013:googlealerts/feed:10799486849352817278','Stabilitas <b>Ekonomi</b> Pacu Aksi Beli Investor Asing | Neraca.co.id','','2024-01-03T16:22:55Z','','Jakarta - Ketua Dewan Komisioner Otoritas Jasa Keuangan (OJK), Mahendra Siregar mengatakan, stabilitas perekonomian di tingkat global berpeluang&nbsp;...','  ','tag:google.com,2005:reader/user/07852703942661585054/state/com.google/alerts/10286449770862357776'),('tag:google.com,2013:googlealerts/feed:10976825791483845059','Banyak Dicari, Ini Link Download GB WA Pro WhatsApp Aero APK Versi Terbaru 2024 Android dan iOS','','2024-01-03T16:46:44Z','','Selain itu, GB WA Pro WhatsApp Aero APK yang dibuat oleh pihak ketiga ini juga beresiko terhadap virus berbahaya atau malware. Kemudian, privasi dan keamanan pengguna tidak terjamin karena pihak lainnya bisa merentas akun kapan saja.','  ','tag:google.com,2005:reader/user/07852703942661585054/state/com.google/alerts/15681986777554853414'),('tag:google.com,2013:googlealerts/feed:10978213634766688273','Siaran Pers: Menparekraf Targetkan Kepri Sumbang 25 Persen Jumlah Wisman pada 2024','','2024-01-03T15:08:46Z','','Batam, 2 Januari 2024 - Menteri Pariwisata dan <b>Ekonomi</b> Kreatif/Kepala Badan Pariwisata dan <b>Ekonomi</b> Kreatif (Menparekraf/Kabaparekraf) Sandiaga&nbsp;...','  ','tag:google.com,2005:reader/user/07852703942661585054/state/com.google/alerts/10286449770862357776'),('tag:google.com,2013:googlealerts/feed:11028298582787919002','LG Akan Hadirkan Seri TV OLED Terbaru di CES 2024','','2024-01-03T12:04:37Z','','Seri M4 dan G4 bisa dikatakan memiliki spesifikasi yang serupa. Keduanya memiliki resolusi 4K dengan refresh rate sampai 144 Hz. Selain itu keduanya sama sama menggunakan prosesor Alpha 11 terbaru dari LG. LG mengklaim kalau prosesor ini memiliki ...','  ','tag:google.com,2005:reader/user/07852703942661585054/state/com.google/alerts/15681986777554853414'),('tag:google.com,2013:googlealerts/feed:11074000558993077912','Lepaskan Topengmu - <b>Kompas</b>.id','','2024-01-03T21:17:37Z','','Topeng kebaikan dan keramahan banyak dipakai dalam masa kampanye pemilu. Semoga masyarakat pandai dan bijak bersikap.','  ','tag:google.com,2005:reader/user/07852703942661585054/state/com.google/alerts/12177849325072412386'),('tag:google.com,2013:googlealerts/feed:110939476071624849','Europa: Die Sorge vor dem Superwahljahr / Deutschland: Das Aufrüsten der Rüstungsbranche','','2024-01-03T06:29:18Z','','... Rüstungsbranche. 382 views · 1 hour ago Handelsblatt Morning Briefing - News aus Wirtschaft, <b>Politik</b> und Finanzen ...more. Handelsblatt. 96.7K.','  ','tag:google.com,2005:reader/user/07852703942661585054/state/com.google/alerts/15531108136621166890'),('tag:google.com,2013:googlealerts/feed:1152747793643297488','Minta Kenaikan Tarif Parkir di Medan Dievaluasi, NasDem Ungkit <b>Ekonomi</b> Warga','','2024-01-03T14:48:34Z','','Rencana itu dianggap kurang tepat karena kondisi <b>ekonomi</b> masyarakat yang belum sepenuhnya pulih pasca pandemi Covid-19. Ketua Fraksi NasDem DPRD&nbsp;...','  ','tag:google.com,2005:reader/user/07852703942661585054/state/com.google/alerts/10286449770862357776'),('tag:google.com,2013:googlealerts/feed:1200946358002655952','Live-Talk Series Hukum dan pembangunan 2024: <b>Ekonomi</b>, Good Governance dan teknologi','','2024-01-03T15:07:56Z','','Live-Talk Series Hukum dan pembangunan 2024: <b>Ekonomi</b>, Good Governance dan teknologi. Januari 4 @ 3:30 PM - 5:00 PM. Share This Event. 00. days. 17.','  ','tag:google.com,2005:reader/user/07852703942661585054/state/com.google/alerts/10286449770862357776'),('tag:google.com,2013:googlealerts/feed:12482932076240009846','Hadir di CES 2024, LG Siapkan Area Pameran dengan Teknologi Kreatif','','2024-01-03T13:05:03Z','','Liputan6.com, Seoul LG Electronics (LG) akan mempersiapkan area pameran khusus dalam rangka mempertunjukkan berbagai produk terbarunya yang inovatif di ajang Consumer Electronics Show 2024 (CES 2024), sebuah acara pameran teknologi internasional yang ...','  ','tag:google.com,2005:reader/user/07852703942661585054/state/com.google/alerts/15681986777554853414'),('tag:google.com,2013:googlealerts/feed:12720145601732342827','KiniTV - YouTube','','2024-01-03T19:17:09Z','','Amanah tolak <b>politik</b> identiti, takutkan Melayu - Mat Sabu. 9.3K views &middot; Kita harus bangga ajukan &#39;madanon&#39; lawan &#39;walaun&#39;, kata Ketua Wanita Amanah.','  ','tag:google.com,2005:reader/user/07852703942661585054/state/com.google/alerts/15531108136621166890'),('tag:google.com,2013:googlealerts/feed:12961116199769685562','Khemal Berharap Tahun Ini <b>Ekonomi</b> Palangka Raya Bisa Bertumbuh - Borneonews','','2024-01-03T16:52:26Z','','BORNEONEWS, Palangka Raya - Anggota Komisi B DPRD Palangka Raya, Khemal Nasery mengungkapkan harapannya terhadap pertumbuhan <b>ekonomi</b> yang lebih baik&nbsp;...','  ','tag:google.com,2005:reader/user/07852703942661585054/state/com.google/alerts/10286449770862357776'),('tag:google.com,2013:googlealerts/feed:1299670239595779078','Soal Bonus Demografi, Jokowi Minta Indonesia Ambil Pelajaran dari Amerika Latin - Video','','2024-01-03T17:09:15Z','','Presiden Joko Widodo (Jokowi) berharap Indonesia dapat memanfaatkan bonus demografi untuk melompat menjadi negara maju.','  ','tag:google.com,2005:reader/user/07852703942661585054/state/com.google/alerts/12177849325072412386'),('tag:google.com,2013:googlealerts/feed:13784797537281627543','4 Harga Laptop Intel Core i7 Terbaru Januari 2024 yang Recommended','','2024-01-03T13:18:50Z','','Sementara untuk baterai yang digunakannya adalah 4830 mAh. Menurut klaimnya, baterai ini mampu bertahan hingga 10 jam dalam sekali pengisian daya. Prosesor yang digunakan AVITA LIBER V14 juga telah didukung oleh Intel UHD Graphics 620 untuk membantu ...','  ','tag:google.com,2005:reader/user/07852703942661585054/state/com.google/alerts/15681986777554853414'),('tag:google.com,2013:googlealerts/feed:14233746470377470906','2 Trump-aligned GOP operatives face foreign agent charges for helping Qatar - POLITICO','','2024-01-03T15:07:17Z','','Barry Bennett and Doug Watts cut deferred prosecution deals over claims of undisclosed lobbying for Qatar.','  ','tag:google.com,2005:reader/user/07852703942661585054/state/com.google/alerts/15531108136621166890'),('tag:google.com,2013:googlealerts/feed:14275657017744274474','Dialog dengan Anak Muda di Jepara, Ganjar Sosialisasikan Program 1 Keluarga Miskin 1 Sarjana','','2024-01-03T16:23:10Z','','Dalam safari politiknya Selasa (2/01) sore, Ganjar menemui ratusan warga dari kelompok milenial dari berbagai kota di Taman Kopi Jepara.','  ','tag:google.com,2005:reader/user/07852703942661585054/state/com.google/alerts/12177849325072412386'),('tag:google.com,2013:googlealerts/feed:14724989476573786125','Harga HP Samsung Galaxy S23 Turun di Januari 2024','','2024-01-03T12:01:13Z','','Harga awal yang ditetapkan Samsung untuk Galaxy S23 Basic adalah Rp10.999.000 untuk varian 128 GB dan Rp12.999.000 untuk varian 256 GB. Namun, pada awal Januari 2024, harga Galaxy ...','  ','tag:google.com,2005:reader/user/07852703942661585054/state/com.google/alerts/15681986777554853414'),('tag:google.com,2013:googlealerts/feed:14944261358702557960','Cerita Anies Baswedan Dijuluki Abah Online di TikTok - <b>KOMPAS</b>.tv','','2024-01-03T16:02:49Z','','Calon presiden (capres) nomor urut 1, Anies Baswedan mendapat julukan baru, yakni Abah Online usai melakukan live di social media TikTok.','  ','tag:google.com,2005:reader/user/07852703942661585054/state/com.google/alerts/12177849325072412386'),('tag:google.com,2013:googlealerts/feed:14989892334155664065','Pengamat: Pertumbuhan <b>Ekonomi</b> Aceh Terjebak di Bawah 5 Persen - AJNN.net','','2024-01-03T15:18:53Z','','BANDA ACEH - Pengamat <b>Ekonomi</b>, Rustam Effendi, menyebutkan sepanjang 2023 pertumbuhan <b>ekonomi</b> Aceh masih terjebak di angka 5 persen ke bawah.','  ','tag:google.com,2005:reader/user/07852703942661585054/state/com.google/alerts/10286449770862357776'),('tag:google.com,2013:googlealerts/feed:15147140819430994328','Tetap Lakukan Tugas sebagai Menko Polhukam, Mahfud: Kampanye Cuma Jumat-Minggu','','2024-01-03T15:39:55Z','','Berita <b>Kompas</b> TV - JAKARTA, <b>KOMPAS</b>.TV - Menko Polhukam Mahfud MD mengatakan, dirinya masih aktif berkantor meski menjadi peserta dalam kontestasi&nbsp;...','  ','tag:google.com,2005:reader/user/07852703942661585054/state/com.google/alerts/12177849325072412386'),('tag:google.com,2013:googlealerts/feed:15164093499536290272','Peran Riset dalam Akselerasi Pertumbuhan <b>Ekonomi</b> di Indonesia - MONITOR.CO.ID','','2024-01-03T15:01:53Z','','... dalam memajukan sektor-sektor <b>ekonomi</b> kunci, meningkatkan inovasi, dan memberikan solusi untuk tantangan <b>ekonomi</b> yang dihadapi Indonesia.','  ','tag:google.com,2005:reader/user/07852703942661585054/state/com.google/alerts/10286449770862357776'),('tag:google.com,2013:googlealerts/feed:15203838701856583120','Hero Counter Cici Mobile Legends, Hero Baru Paling Ngeselin?','','2024-01-03T18:00:32Z','','Yu Zhong jadi salah satu Hero yang tepat jika kamu harus berhadapan langsung dengan seorang Cici. Soalnya, karakter ini memiliki efek lifesteal yang cukup tinggi. Dengan begitu, Yu Zhong bisa dengan mudah main agresif.','  ','tag:google.com,2005:reader/user/07852703942661585054/state/com.google/alerts/15681986777554853414'),('tag:google.com,2013:googlealerts/feed:15217210677900595869','Xi Jinping Beri Kode Gak Enak soal <b>Ekonomi</b> China 2024 - CNBC Indonesia','','2024-01-03T16:14:57Z','','Setelah aktivitas <b>ekonomi</b> meningkat secara singkat pada kuartal pertama tahun lalu, PMI manufaktur resmi mengalami kontraksi selama lima bulan hingga&nbsp;...','  ','tag:google.com,2005:reader/user/07852703942661585054/state/com.google/alerts/10286449770862357776'),('tag:google.com,2013:googlealerts/feed:15444009284665144023','Valve Setop Dukungan Game \"Counter-Strike: Global Offensive\"','','2024-01-03T11:05:45Z','','Meski dukungannya disetop, gamer masih bisa bermain CS:GO, tetapi, berbagai fungsionalitas yang berkaitan dengan fitur Game Coordinator akan mengalami masalah atau sama sekali tidak bisa digunakan. Adapun ...','  ','tag:google.com,2005:reader/user/07852703942661585054/state/com.google/alerts/15681986777554853414'),('tag:google.com,2013:googlealerts/feed:15566105138837025368','Berita <b>Kompas</b> 1969: Paksa RRI Siarkan Dekrit Dewan Revolusi, Kapten Suradi Dituntut ...','','2024-01-03T18:12:24Z','','Di bawah judul &quot;Ex Kapten Suradi Dituntut Hukuman Mati&quot;, Harian <b>Kompas</b> yang terbit pada 27 Januari 1969, menurunkan laporan Mahkamah Milter.','  ','tag:google.com,2005:reader/user/07852703942661585054/state/com.google/alerts/12177849325072412386'),('tag:google.com,2013:googlealerts/feed:15756747703884568325','Rekomendasi 4 Laptop Brand Ternama Rilis Januari 2024 Menjanjikan Inovasi dan Performa Tertinggi','','2024-01-03T15:57:34Z','','Memiliki teknologi Turbo Boost yang memungkinkan peningkatan performa secara otomatis sesuai dengan kebutuhan aplikasi yang dijalankan. Sedangkan intel i7 adalah varian prosesor dengan performa tertinggi. Biasa digunakan pada perangkat yang dirancang untu','  ','tag:google.com,2005:reader/user/07852703942661585054/state/com.google/alerts/15681986777554853414'),('tag:google.com,2013:googlealerts/feed:15771779034231965133','Macron makes enemies defending rape-accused star - POLITICO.eu','','2024-01-03T15:30:43Z','','Actors, writers and celebs have lined up in defense of Gérard Depardieu, alongside the French president.','  ','tag:google.com,2005:reader/user/07852703942661585054/state/com.google/alerts/15531108136621166890'),('tag:google.com,2013:googlealerts/feed:15787024800253797677','Kebakaran Melanda 13 Rumah Warga di Jelambar Jakbar, 1 Orang Terluka - <b>KOMPAS</b>.tv','','2024-01-03T16:02:50Z','','Api yang cepat membesar membuat warga permukiman padat penduduk ini panik. Petugas pemadam kebakaran Jakarta Barat langsung berupaya memadamkan&nbsp;...','  ','tag:google.com,2005:reader/user/07852703942661585054/state/com.google/alerts/12177849325072412386'),('tag:google.com,2013:googlealerts/feed:15898279672439713468','The Future of the Zeitenwende: A Team Power Strategy for Germany','','2024-01-03T16:35:24Z','','Social media menu. Twitter &middot; Logo: Internationale <b>Politik</b>. Menu. Main menu. Current Issue &middot; All Issues &middot; Columns &middot; About. Breadcrumb. All articles. IP.','  ','tag:google.com,2005:reader/user/07852703942661585054/state/com.google/alerts/15531108136621166890'),('tag:google.com,2013:googlealerts/feed:16040393347898286922','Inilah Para Pendekar <b>Ekonomi</b> yang Menggawangi Timnas AMIN - insight kontan','','2024-01-03T23:11:56Z','','... <b>ekonomi</b> masing-masing. Harapannya, upaya itu bisa meraih simpati dan dukungan pemilih. Salah satu strategi <b>ekonomi</b> pasangan capres-cawapres Anies&nbsp;...','  ','tag:google.com,2005:reader/user/07852703942661585054/state/com.google/alerts/10286449770862357776'),('tag:google.com,2013:googlealerts/feed:16507976096111586905','Adu Program <b>Ekonomi</b> Capres-Cawapres Hadapi Ketidakpastian Global - CNBC Indonesia','','2024-01-03T20:52:38Z','','... <b>ekonomi</b> internasional dan menjaga momentum pertumbuhan <b>ekonomi</b> ditengah ketidak pastian <b>ekonomi</b> global? Apa strategi <b>ekonomi</b> politik yang mungkin&nbsp;...','  ','tag:google.com,2005:reader/user/07852703942661585054/state/com.google/alerts/10286449770862357776'),('tag:google.com,2013:googlealerts/feed:16823466625089179852','Soal Satpol PP Dukung Gibran, Moeldoko: Tak Langgar Etik, Bukan ASN! - <b>KOMPAS</b>.tv','','2024-01-03T19:19:46Z','','Namun pendapat berbeda datang dari Kepala Staf Presiden Moeldoko menyebut, deklarasi Satpol PP di Garut yang mendukung Gibran Rakamubing Raka&nbsp;...','  ','tag:google.com,2005:reader/user/07852703942661585054/state/com.google/alerts/12177849325072412386'),('tag:google.com,2013:googlealerts/feed:17391236256633963032','Biaya Perang Israel di Gaza Capai Rp 897,3 Triliun, Bebani <b>Ekonomi</b> Negara - YouTube','','2024-01-03T14:31:58Z','','... <b>ekonomi</b>-negara Artikel ini bisa dilihat di : https://video.kompas.com/watch/1135416/biaya-perang-israel-di-gaza-capai-rp-897-3-triliun-bebani&nbsp;...','  ','tag:google.com,2005:reader/user/07852703942661585054/state/com.google/alerts/10286449770862357776'),('tag:google.com,2013:googlealerts/feed:17487574257620215763','Cara Download dan Simpan Video TikTok yang Viral, Gratis dan tanpa Aplikasi Tambahan','','2024-01-03T14:31:38Z','','Gratis, simpan dan download video TikTok lucu dan insipiratif dengan cara aman dan legal. Di TikTok, pengguna bisa menemukan banyak video lucu, sedih, atau bahkan inspiratif yang bisa dibagikan kepada teman-teman.','  ','tag:google.com,2005:reader/user/07852703942661585054/state/com.google/alerts/15681986777554853414'),('tag:google.com,2013:googlealerts/feed:17936809627693123110','Anies Harap Tahun Baru 2024 Bawa Pembaharuan BagI Masyarakat dan Negara - Vidio','','2024-01-03T15:52:05Z','','Berita <b>Kompas</b> TV - YOGYAKARTA, <b>KOMPAS</b>.TV - Mengawali tahun 2024, Calon Presiden Nomor Urut 1 Anies Baswedan bernostalgia dengan mengunjungi rumah&nbsp;...','  ','tag:google.com,2005:reader/user/07852703942661585054/state/com.google/alerts/12177849325072412386'),('tag:google.com,2013:googlealerts/feed:18283385009621830004','Tecno Spark 20 Pro Plus Rilis Global, Punya Layar Lengkung dan Kamera 108MP','','2024-01-03T11:01:51Z','','Mengenai spesifikasi dari Tecno Spark 20 Pro Plus, ponsel ini datang dengan kamera utama 108MP (kemampuan 3x lossless zoom dan 10x digital zoom). Di kameranya terdapat sensor 1/1,67 dan aperture f ...','  ','tag:google.com,2005:reader/user/07852703942661585054/state/com.google/alerts/15681986777554853414'),('tag:google.com,2013:googlealerts/feed:1873859237240802676','Potensi <b>Ekonomi</b> Karbon RI Capai Rp 3.000 T, Berasal dari 5 Sektor - Katadata','','2024-01-03T17:11:33Z','','Foto udara kawasan hutan mangrove di Buton Utara, Sulawesi Tenggara, Minggu (19/3/2023). Potensi nilai <b>ekonomi</b> karbon (NEK) Indonesia mencapai Rp&nbsp;...','  ','tag:google.com,2005:reader/user/07852703942661585054/state/com.google/alerts/10286449770862357776'),('tag:google.com,2013:googlealerts/feed:2161127109467914608','Tetap Lakukan Tugas sebagai Menko Polhukam, Mahfud: Kampanye Cuma Jumat-Minggu','','2024-01-03T15:14:48Z','','Menko Polhukam Mahfud MD mengatakan dirinya masih aktif berkantor meski menjadi peserta dalam kontestasi Pilpres 2024 sebagai cawapres nomor urut&nbsp;...','  ','tag:google.com,2005:reader/user/07852703942661585054/state/com.google/alerts/12177849325072412386'),('tag:google.com,2013:googlealerts/feed:2783335031140731995','Gaji Tak Sesuai Kesepakatan, Pria Berusia 21 Tahun Bunuh Majikan di Blitar - <b>KOMPAS</b>.tv','','2024-01-03T17:29:53Z','','Azza hanya bisa tertunduk saat polisi berhasil menangkapnya di rumahnya di Kediri, Jawa Timur. Polisi terus menanyainya perihal kejadian pembunuhan di&nbsp;...','  ','tag:google.com,2005:reader/user/07852703942661585054/state/com.google/alerts/12177849325072412386'),('tag:google.com,2013:googlealerts/feed:2818493252668902432','Segera Luncurkan RTX 40 SUPER di CES 2024, NVIDIA Bagikan Teaser','','2024-01-03T13:04:38Z','','NVIDIA sudah punya agenda pre-event “Special Address” pada 8 Januari 2024 dan baru-baru ini perusahaan perancang GPU asal Amerika Serikat membagikan sebuah teaser yang mengindikasikan kehadiran model kartu grafis baru dari keluarga RTX 40 Series.','  ','tag:google.com,2005:reader/user/07852703942661585054/state/com.google/alerts/15681986777554853414'),('tag:google.com,2013:googlealerts/feed:2918422714219073640','Tiongkok Janjikan Dukungan bagi Perkembangan <b>Ekonomi</b> Swasta - Koran-Jakarta.com','','2024-01-03T19:49:30Z','','Strategi Pembangunan. FUZHOU - Tiongkok mengumumkan sejumlah langkah konkret dalam enam bidang guna meningkatkan dukungan bagi <b>ekonomi</b> swasta,&nbsp;...','  ','tag:google.com,2005:reader/user/07852703942661585054/state/com.google/alerts/10286449770862357776'),('tag:google.com,2013:googlealerts/feed:3135132933530545537','Anies Ingin Penciptaan Lapangan Kerja Berbanding Lurus dengan Pertumbuhan <b>Ekonomi</b>','','2024-01-03T17:32:08Z','','Kita ingin kebijakan pertumbuhan <b>ekonomi</b>, yang menciptakan pemerataan dan keberlanjutan. Istilahnya pertumbuhan yang berkualitas,” ucap Anies. Bila&nbsp;...','  ','tag:google.com,2005:reader/user/07852703942661585054/state/com.google/alerts/10286449770862357776'),('tag:google.com,2013:googlealerts/feed:3992759668456066367','Sejarah Hari Ini: Robot Spirit NASA Mendarat di Mars dan Membuat Kejutan','','2024-01-03T14:30:59Z','','ANTARIKSA -- Pada tanggal 3 Januari 2004, penjelajah Spirit NASA mendarat di Mars. Robot penjelajah yang juga dikenal sebagai Mars Exploration Rover 2 adalah penjelajah kembar NASA yang pertama kali mendarat di Planet Merah.','  ','tag:google.com,2005:reader/user/07852703942661585054/state/com.google/alerts/15681986777554853414'),('tag:google.com,2013:googlealerts/feed:4111941367104513599','Harvard-Präsidentin tritt nach Antisemitismus-Vorwürfen zurück - YouTube','','2024-01-03T15:01:57Z','','... https://www.handelsblatt.com/<b>politik</b>/international/israel-krieg-tod-von-hamas-anfuehrer-in-beirut-hisbollah-kuendigt-vergeltung-an/29433048.html.','  ','tag:google.com,2005:reader/user/07852703942661585054/state/com.google/alerts/15531108136621166890'),('tag:google.com,2013:googlealerts/feed:4166826411373286411','China: Perang dagang rampas hak <b>ekonomi</b> 7 miliar penduduk dunia - Antaranews.com','','2024-01-03T16:23:24Z','','... <b>ekonomi</b>. &quot;Perang dagang, perang teknologi, pemutusan rantai pasok dan industri, atau segala hal yang berupaya mempolitisasi isu perdagangan, dapat&nbsp;...','  ','tag:google.com,2005:reader/user/07852703942661585054/state/com.google/alerts/10286449770862357776'),('tag:google.com,2013:googlealerts/feed:430111872656107037','Politics latest: &#39;Starmergeddon&#39; warning from Reform UK as party says it won&#39;t do deal with Tories','','2024-01-03T23:37:37Z','','One year ago, Rishi Sunak made five pledges for voters to judge him on. The prime minister met his pledge to halve inflation by the end of 2023,&nbsp;...','  ','tag:google.com,2005:reader/user/07852703942661585054/state/com.google/alerts/15531108136621166890'),('tag:google.com,2013:googlealerts/feed:4512246209348193953','Kampanye di Sumbar, Anies: Minang Basis Perubahan - <b>Kompas</b> TV - Vidio','','2024-01-03T15:10:39Z','','Berita <b>Kompas</b> TV - SUMBAR, <b>KOMPAS</b>.TV - Capres Nomor Urut Satu berkampanye di Sumatera Barat, yang dalam dua periode pilpres diklaim sebagai basis&nbsp;...','  ','tag:google.com,2005:reader/user/07852703942661585054/state/com.google/alerts/12177849325072412386'),('tag:google.com,2013:googlealerts/feed:5010375844499837773','Polisi Tangkap 3 Orang Pengedar Uang Palsu di Pandeglang - <b>KOMPAS</b>.tv','','2024-01-03T16:23:10Z','','Tiga pelaku pengedar uang palsu di Wilayah Kecamatan Sumur, Kabupaten Pandeglang, Banten, ditangkap polisi. Selain pelaku, polisi juga turut&nbsp;...','  ','tag:google.com,2005:reader/user/07852703942661585054/state/com.google/alerts/12177849325072412386'),('tag:google.com,2013:googlealerts/feed:5185001811237640502','Kebakaran Mes Karyawan di Papua, 1 Orang Terluka - <b>KOMPAS</b>.tv','','2024-01-03T16:07:24Z','','Api berkobar dan menghanguskan mes karyawan gudang kayu yang terletak di Jalan Youmake, Kabupaten Jayapura, Papua, pada Selasa (02/01/2024) malam.','  ','tag:google.com,2005:reader/user/07852703942661585054/state/com.google/alerts/12177849325072412386'),('tag:google.com,2013:googlealerts/feed:5433869041937660755','Samsung hadirkan monitor gaming OLED berbagai bentuk terbaru','','2024-01-03T11:19:02Z','','Adapun Odyssey OLED G9, yang berukuran 49 inci, melengkung, memiliki kecepatan refresh 240Hz, dan aspek rasio 32:9 dengan resolusi 5.120 x 1.440. Tidak ada opsi 1440p 32 inci, seperti yang sebelumnya ditawarkan Samsung dengan Odyssey G7.','  ','tag:google.com,2005:reader/user/07852703942661585054/state/com.google/alerts/15681986777554853414'),('tag:google.com,2013:googlealerts/feed:561894265987126760','Apple Segera Luncurkan Iphone Layar Lipat Untuk Saingi Android ?','','2024-01-03T18:15:36Z','','Diperkirakan bahwa perangkat layar lipat dari Apple akan diberi nama iPhone Flip. Prediksi mengenai peluncuran ini telah muncul sejak tahun 2023, dan analis terkenal, Ming-Chi Kuo, telah mengungkapkan informasi ini.','  ','tag:google.com,2005:reader/user/07852703942661585054/state/com.google/alerts/15681986777554853414'),('tag:google.com,2013:googlealerts/feed:6091255477797615974','Pesawat Juno NASA Mengirim Gambar Baru Bulan Io di Jupiter, Benda Paling Berapi di Tata Surya','','2024-01-03T11:30:10Z','','ANTARIKSA -- Menjelang akhir tahun 2023, pesawat ruang angkasa Juno milik NASA berhasil mencapai bulan Io yang mengorbit Jupiter. Pencapaian terdekat dengan bulan vulkanik itu terjadi selama Juno melakukan terbang lintas Jupiter untuk ke-57 kalinya.','  ','tag:google.com,2005:reader/user/07852703942661585054/state/com.google/alerts/15681986777554853414'),('tag:google.com,2013:googlealerts/feed:6413371316459827941','Utang AS Cetak Rekor Tertinggi Baru, <b>Ekonomi</b> Terancam','','2024-01-03T14:34:49Z','','Pemerintah menarik utang lebih banyak di bawah Donald Trump dan Joe Biden untuk menstabilkan <b>ekonomi</b> dan mendukung pemulihan. Namun, pemulihan&nbsp;...','  ','tag:google.com,2005:reader/user/07852703942661585054/state/com.google/alerts/10286449770862357776'),('tag:google.com,2013:googlealerts/feed:6860484984464667767','Harapan <b>Ekonomi</b> 2024 - Kompas.id','','2024-01-03T22:29:27Z','','Di tahun politik yang memunculkan kegamangan, sentimen pasar modal sangat positif. Prospek kinerja bursa terus membaik.','  ','tag:google.com,2005:reader/user/07852703942661585054/state/com.google/alerts/10286449770862357776'),('tag:google.com,2013:googlealerts/feed:6917018454233192824','Bauernproteste ab dem 8. Januar gegen Ampel-<b>Politik</b> - YouTube','','2024-01-03T17:35:11Z','','Mehr Videos unter https://www.sat1regional.de/ Aus Protest gegen die Sparpläne der Bundesregierung ruft der Bauernverband ab dem 8.','  ','tag:google.com,2005:reader/user/07852703942661585054/state/com.google/alerts/15531108136621166890'),('tag:google.com,2013:googlealerts/feed:6959891550556783057','Begini Kata Menhan Prabowo Mengenai Sosok Rizal Ramli - <b>KOMPAS</b>.tv','','2024-01-03T15:49:49Z','','Menteri Pertahanan Prabowo Subianto melayat ke rumah duka Rizal Ramli di Jalan Bangka IX, Jakarta Selatan, Rabu (3/1/2024).','  ','tag:google.com,2005:reader/user/07852703942661585054/state/com.google/alerts/12177849325072412386'),('tag:google.com,2013:googlealerts/feed:7002170481182482737','4 HP Dengan Kamera Depan Terbaik 2024','','2024-01-03T20:03:55Z','','Gadget – Smartphone saat ini telah memunculkan keunggulan khususnya dalam sektor kamera. Bahkan, dapat diprediksi bahwa di masa depan, teknologi kamera pada smartphone akan melampaui perangkat kamera konvensional seperti DSLR.','  ','tag:google.com,2005:reader/user/07852703942661585054/state/com.google/alerts/15681986777554853414'),('tag:google.com,2013:googlealerts/feed:7172079669574908289','Antisemitismus-Vorwurf: Harvard-Präsidentin Claudine Gay tritt nach Kritik zurück','','2024-01-03T22:10:10Z','','<b>Politik</b>; Antisemitismus-Vorwurf ... Claudine Gay entschuldigte sich später für ihre Aussage. Teller und Rand – der Podcast zu internationaler <b>Politik</b>.','  ','tag:google.com,2005:reader/user/07852703942661585054/state/com.google/alerts/15531108136621166890'),('tag:google.com,2013:googlealerts/feed:7596115707841694787','Writing at U of T - Department of Political Science - University of Toronto','','2024-01-03T01:56:31Z','','January 26, 2023. Congratulations to our 2021/22 undergraduate award &amp; scholarship recipients! Following a two-year hiatus, the department was&nbsp;...','  ','tag:google.com,2005:reader/user/07852703942661585054/state/com.google/alerts/15531108136621166890'),('tag:google.com,2013:googlealerts/feed:7713345048630266183','Bawaslu Affirms Prabowo-Gibran&#39;s Banner on &#39;Wecome to Batam&#39; Icon Unlawful','','2024-01-03T14:35:52Z','','Indonesia&#39;s Political Indicator (Indikator <b>Politik</b> Indonesia) released its latest survey post-vice presidential debate. Read More. Recomended News.','  ','tag:google.com,2005:reader/user/07852703942661585054/state/com.google/alerts/15531108136621166890'),('tag:google.com,2013:googlealerts/feed:8500847690277173266','Update Harga, Xiaomi Redmi 13C Kini Tambah Murah, Layar Mulus 90 Hz dan Kamera AI 50 MP, Cek Selengkapnya','','2024-01-03T11:10:03Z','','Adapun pada layar Dot Drop 6,74 inci beresolusi 1600x720 Piksel, kerapatan 260 ppi dan mendukung penggunaan fitur mode baca. Pada bagian layar, Xiaomi Redmi 13C menggunakan fitur Peredup DC dan pelindung dari Corning Gorilla ...','  ','tag:google.com,2005:reader/user/07852703942661585054/state/com.google/alerts/15681986777554853414'),('tag:google.com,2013:googlealerts/feed:8502894896674163324','Bitcoin verliert deutlich: Jüngste Gewinne sind weg - YouTube','','2024-01-03T20:52:15Z','','... BAUER macht HARTE Ansage an die Ampel Regierung  . <b>Politik</b> Perspektiven New 52K views &middot; 11:37 &middot; Go to channel &middot; Why More Americans Are Going Child&nbsp;...','  ','tag:google.com,2005:reader/user/07852703942661585054/state/com.google/alerts/15531108136621166890'),('tag:google.com,2013:googlealerts/feed:8587646006043210372','SCI: Sektor Logistik Sumbang Pertumbuhan <b>Ekonomi</b> Melambat di 2024 - beritatrans.com','','2024-01-03T19:13:48Z','','&quot;Pemerintah memperkirakan pertumbuhan <b>ekonomi</b> Indonesia tahun 2023 tumbuh 5,1 persen dan tahun 2024 sebesar 5,2 persen, sedangkan Bank Indonesia&nbsp;...','  ','tag:google.com,2005:reader/user/07852703942661585054/state/com.google/alerts/10286449770862357776'),('tag:google.com,2013:googlealerts/feed:8947712412927595731','Sabah power supply issues caused by hike in demand, says Hajiji - Free Malaysia Today','','2024-01-03T09:10:31Z','','... <b>politik</b> perlu sepakat demi pembangunan negeri, kata Hajiji. 29 Dec 2023, 10:00pm. Most Viewed Last 2 Days. Ex-PM, 2 former aides to be summoned by&nbsp;...','  ','tag:google.com,2005:reader/user/07852703942661585054/state/com.google/alerts/15531108136621166890'),('tag:google.com,2013:googlealerts/feed:90447184752438419','Bersiap Indonesia! Pre-Order Samsung Galaxy S24 Series 18 Januari 2024: Tawarkan Pengalaman AI','','2024-01-03T17:08:22Z','','\"Galaxy Unpacked 18 Januari 2024 | 1AM WIB. Dapatkan Samsung Care+ selama 1 tahun senilai hingga Rp 1.6 Juta saat melakukan pre-order,\" demikian yang tertulis di laman resmi Samsung.','  ','tag:google.com,2005:reader/user/07852703942661585054/state/com.google/alerts/15681986777554853414'),('tag:google.com,2013:googlealerts/feed:9251607338483815577','UNHCR Jawab soal Temuan Kesamaan Tanggal Lahir Pengungsi Rohingya - <b>KOMPAS</b>.tv','','2024-01-03T15:22:30Z','','UNHCR menyebut alasannya karena para pengungsi Rohingya tidak bisa mengingat tanggal lahir dan tidak memiliki dokumen pendukung.','  ','tag:google.com,2005:reader/user/07852703942661585054/state/com.google/alerts/12177849325072412386'),('tag:google.com,2013:googlealerts/feed:9372735250513164527','Ide Ganjar Soal Pusat <b>Ekonomi</b> Syariah Global Dinilai Realistis','','2024-01-03T19:27:41Z','','Hal ini terlihat dari banyaknya potensi <b>ekonomi</b> yang bisa digerakan untuk meningkatkan kesejahteraan masyarakat. Diaspora Indonesia di Iran, Mursyid&nbsp;...','  ','tag:google.com,2005:reader/user/07852703942661585054/state/com.google/alerts/10286449770862357776'),('tag:google.com,2013:googlealerts/feed:9601828899627490026','5 Fungsi Google Drive, Tidak Hannya Sekadar Menyimpan File Saja','','2024-01-03T14:28:23Z','','Google Drive menyediakan aplikasi pengeditan dokumen online seperti Google Docs, Google Sheets, dan Google Slides. Pengguna dapat membuat, mengedit, dan berbagi dokumen teks, spreadsheet, dan presentasi tanpa perlu mengunduh atau menginstal perangkat luna','  ','tag:google.com,2005:reader/user/07852703942661585054/state/com.google/alerts/15681986777554853414');

#
# Structure for table "kategori_2211501388"
#

DROP TABLE IF EXISTS `kategori_2211501388`;
CREATE TABLE `kategori_2211501388` (
  `id_kategori` int(11) unsigned NOT NULL AUTO_INCREMENT,
  `nm_kategori` varchar(50) NOT NULL DEFAULT '',
  PRIMARY KEY (`id_kategori`)
) ENGINE=InnoDB AUTO_INCREMENT=4 DEFAULT CHARSET=utf8mb4 COLLATE=utf8mb4_general_ci;

#
# Data for table "kategori_2211501388"
#

INSERT INTO `kategori_2211501388` VALUES (1,'ekonomi'),(2,'politik'),(3,'Teknologi');

#
# Structure for table "preprocessing_2211501388"
#

DROP TABLE IF EXISTS `preprocessing_2211501388`;
CREATE TABLE `preprocessing_2211501388` (
  `entry_id` varchar(300) NOT NULL,
  `p_cf` tinytext NOT NULL,
  `p_simbol` tinytext NOT NULL,
  `p_sword` tinytext NOT NULL,
  `p_stopword` tinytext NOT NULL,
  `p_stemming` tinytext NOT NULL,
  `p_tokenisasi` tinytext NOT NULL,
  `data_bersih` tinytext NOT NULL,
  `id_kategori` int(11) DEFAULT NULL,
  PRIMARY KEY (`entry_id`)
) ENGINE=InnoDB DEFAULT CHARSET=utf8mb4 COLLATE=utf8mb4_general_ci;

#
# Data for table "preprocessing_2211501388"
#

INSERT INTO `preprocessing_2211501388` VALUES ('tag:google.com,2013:googlealerts/feed:10100444741004638250','berita <b>kompas</b> tv - jakarta, <b>kompas</b>.tv - rabu (03/01/2024) petang, prabowo datang melayat ke rumah duka mendiang rizal ramli, di jalan bangka,&nbsp;...','berita bkompasb tv  jakarta bkompasbtv  rabu  petang prabowo datang melayat ke rumah duka mendiang rizal ramli di jalan bangkanbsp','berita bkompasb tv  jakarta bkompasbtv  rabu  petang prabowo datang melayat ke rumah duka mendiang rizal ramli di jalan bangkanbsp','berita bkompasb tv  jakarta bkompasbtv  rabu  petang prabowo datang melayat rumah duka mendiang rizal ramli jalan bangkanbsp','berita bkompasb tv jakarta bkompasbtv rabu petang prabowo datang layat rumah duka mendiang rizal ramli jalan bangkanbsp','berita, bkompasb, tv, jakarta, bkompasbtv, rabu, petang, prabowo, datang, layat, rumah, duka, mendiang, rizal, ramli, jalan, bangkanbsp','berita bkompasb tv jakarta bkompasbtv rabu petang prabowo datang layat rumah duka mendiang rizal ramli jalan bangkanbsp',NULL),('tag:google.com,2013:googlealerts/feed:10306835475037861308','... <b>ekonomi</b> masyarakat setempat. pada hari ini, mereka mengunjungi beberapa peternakan ayam petelur dan unit usaha mebel di pekon mataram, kecamatan&nbsp;...',' bekonomib masyarakat setempat pada hari ini mereka mengunjungi beberapa peternakan ayam petelur dan unit usaha mebel di pekon mataram kecamatannbsp',' bekonomib masyarakat setempat pada hari ini mereka mengunjungi beberapa peternakan ayam petelur dan unit usaha mebel di pekon mataram kecamatannbsp',' bekonomib masyarakat setempat hari mengunjungi peternakan ayam petelur unit usaha mebel pekon mataram kecamatannbsp','bekonomib masyarakat tempat hari unjung terna ayam telur unit usaha mebel pekon mataram kecamatannbsp','bekonomib, masyarakat, tempat, hari, unjung, terna, ayam, telur, unit, usaha, mebel, pekon, mataram, kecamatannbsp','bekonomib masyarakat tempat hari unjung terna ayam telur unit usaha mebel pekon mataram kecamatannbsp',1),('tag:google.com,2013:googlealerts/feed:10354868797754644519','capres nomor urut 1 anies baswedan beberapa waktu lalu melakukan live tiktok. anies mengaku ini merupakan pertama kalinya menggunakan aplikasi&nbsp;...','capres nomor urut  anies baswedan beberapa waktu lalu melakukan live tiktok anies mengaku ini merupakan pertama kalinya menggunakan aplikasinbsp','capres nomer\r urut  anies baswedan beberapa waktu lalu melakukan live tiktok anies mengaku ini merupakan pertama kalinya menggunakan aplikasinbsp','capres nomer\r urut  anies baswedan waktu melakukan live tiktok anies mengaku pertama kalinya menggunakan aplikasinbsp','capres nomer urut anies baswedan waktu laku live tiktok anies aku pertama kali guna aplikasinbsp','capres, nomer, urut, anies, baswedan, waktu, laku, live, tiktok, anies, aku, pertama, kali, guna, aplikasinbsp','capres nomer urut anies baswedan waktu laku live tiktok anies aku pertama kali guna aplikasinbsp',NULL),('tag:google.com,2013:googlealerts/feed:10562303327279351446','/www.zeit.de/<b>politik</b>/ausland/2024-01/friedensnobelpreistraeger-muhammad-yunus-haftstrafe-bangladesch hinweis: dieses video ist teil des&nbsp;...','wwwzeitdebpolitikbauslandfriedensnobelpreistraegermuhammadyunushaftstrafebangladesch hinweis dieses video ist teil desnbsp','wwwzeitdebpolitikbauslandfriedensnobelpreistraegermuhammadyunushaftstrafebangladesch hinweis dieses video ist teil desnbsp','wwwzeitdebpolitikbauslandfriedensnobelpreistraegermuhammadyunushaftstrafebangladesch hinweis dieses video ist teil desnbsp','wwwzeitdebpolitikbauslandfriedensnobelpreistraegermuhammadyunushaftstrafebangladesch hinweis dieses video ist teil desnbsp','wwwzeitdebpolitikbauslandfriedensnobelpreistraegermuhammadyunushaftstrafebangladesch, hinweis, dieses, video, ist, teil, desnbsp','wwwzeitdebpolitikbauslandfriedensnobelpreistraegermuhammadyunushaftstrafebangladesch hinweis dieses video ist teil desnbsp',2),('tag:google.com,2013:googlealerts/feed:10772831389027236464','presiden joko widodo (jokowi) meresmikan enam jembatan di jalur lintas utara jawa tengah, rabu (3/1/2024).','presiden joko widodo jokowi meresmikan enam jembatan di jalur lintas utara jawa tengah rabu ','presiden joko widodo jokowi meresmikan enam jembatan di jalur lintas utara jawa tengah rabu ','presiden joko widodo jokowi meresmikan enam jembatan jalur lintas utara jawa tengah rabu ','presiden joko widodo jokowi resmi enam jembatan jalur lintas utara jawa tengah rabu','presiden, joko, widodo, jokowi, resmi, enam, jembatan, jalur, lintas, utara, jawa, tengah, rabu','presiden joko widodo jokowi resmi enam jembatan jalur lintas utara jawa tengah rabu',NULL),('tag:google.com,2013:googlealerts/feed:10799486849352817278','jakarta - ketua dewan komisioner otoritas jasa keuangan (ojk), mahendra siregar mengatakan, stabilitas perekonomian di tingkat global berpeluang&nbsp;...','jakarta  ketua dewan komisioner otoritas jasa keuangan ojk mahendra siregar mengatakan stabilitas perekonomian di tingkat global berpeluangnbsp','jakarta  ketua dewan komisioner otoritas jasa keuangan ojk mahendra siregar mengatakan stabilitas perekonomian di tingkat global berpeluangnbsp','jakarta  ketua dewan komisioner otoritas jasa keuangan ojk mahendra siregar mengatakan stabilitas perekonomian tingkat global berpeluangnbsp','jakarta ketua dewan komisioner otoritas jasa uang ojk mahendra siregar kata stabilitas ekonomi tingkat global berpeluangnbsp','jakarta, ketua, dewan, komisioner, otoritas, jasa, uang, ojk, mahendra, siregar, kata, stabilitas, ekonomi, tingkat, global, berpeluangnbsp','jakarta ketua dewan komisioner otoritas jasa uang ojk mahendra siregar kata stabilitas ekonomi tingkat global berpeluangnbsp',1),('tag:google.com,2013:googlealerts/feed:10976825791483845059','selain itu, gb wa pro whatsapp aero apk yang dibuat oleh pihak ketiga ini juga beresiko terhadap virus berbahaya atau malware. kemudian, privasi dan keamanan pengguna tidak terjamin karena pihak lainnya bisa merentas akun kapan saja.','selain itu gb wa pro whatsapp aero apk yang dibuat oleh pihak ketiga ini juga beresiko terhadap virus berbahaya atau malware kemudian privasi dan keamanan pengguna tidak terjamin karena pihak lainnya bisa merentas akun kapan saja','selain itu gb wa pro whatsapp aero apk yang dibuat oleh pihak ketiga ini juga beresiko terhadap virus berbahaya atau malware kemudian privasi dan keamanan pengguna tidak terjamin karna?\r pihak lainnya bisa merentas akun kapan saja','gb wa pro whatsapp aero apk dibuat pihak ketiga beresiko virus berbahaya malware privasi keamanan pengguna terjamin karna?\r pihak merentas akun','gb wa pro whatsapp aero apk buat pihak tiga resiko virus bahaya malware privasi aman guna jamin karna pihak rentas akun','gb, wa, pro, whatsapp, aero, apk, buat, pihak, tiga, resiko, virus, bahaya, malware, privasi, aman, guna, jamin, karna, pihak, rentas, akun','gb wa pro whatsapp aero apk buat pihak tiga resiko virus bahaya malware privasi aman guna jamin karna pihak rentas akun',3),('tag:google.com,2013:googlealerts/feed:10978213634766688273','batam, 2 januari 2024 - menteri pariwisata dan <b>ekonomi</b> kreatif/kepala badan pariwisata dan <b>ekonomi</b> kreatif (menparekraf/kabaparekraf) sandiaga&nbsp;...','batam  januari   menteri pariwisata dan bekonomib kreatifkepala badan pariwisata dan bekonomib kreatif menparekrafkabaparekraf sandiaganbsp','batam  januari   mentri\r pariwisata dan bekonomib kreatifkepala badan pariwisata dan bekonomib kreatip\r menparekrafkabaparekraf sandiaganbsp','batam  januari   mentri\r pariwisata bekonomib kreatifkepala badan pariwisata bekonomib kreatip\r menparekrafkabaparekraf sandiaganbsp','batam januari tri pariwisata bekonomib kreatifkepala badan pariwisata bekonomib kreatip menparekrafkabaparekraf sandiaganbsp','batam, januari, tri, pariwisata, bekonomib, kreatifkepala, badan, pariwisata, bekonomib, kreatip, menparekrafkabaparekraf, sandiaganbsp','batam januari tri pariwisata bekonomib kreatifkepala badan pariwisata bekonomib kreatip menparekrafkabaparekraf sandiaganbsp',1),('tag:google.com,2013:googlealerts/feed:11028298582787919002','seri m4 dan g4 bisa dikatakan memiliki spesifikasi yang serupa. keduanya memiliki resolusi 4k dengan refresh rate sampai 144 hz. selain itu keduanya sama sama menggunakan prosesor alpha 11 terbaru dari lg. lg mengklaim kalau prosesor ini memiliki ...','seri m dan g bisa dikatakan memiliki spesifikasi yang serupa keduanya memiliki resolusi k dengan refresh rate sampai  hz selain itu keduanya sama sama menggunakan prosesor alpha  terbaru dari lg lg mengklaim kalau prosesor ini memiliki','seri m dan g bisa dikatakan memiliki spesifikasi yang serupa keduanya memiliki resolusi k dengan refresh rate sampai  hz selain itu keduanya sama sama menggunakan prosesor alpha  terbaru dari lg lg mengklaim kalau prosesor ini memiliki','seri m g dikatakan memiliki spesifikasi keduanya memiliki resolusi k refresh rate  hz keduanya menggunakan prosesor alpha  terbaru lg lg mengklaim prosesor memiliki','seri m g kata milik spesifikasi dua milik resolusi k refresh rate hz dua guna prosesor alpha baru lg lg klaim prosesor milik','seri, m, g, kata, milik, spesifikasi, dua, milik, resolusi, k, refresh, rate, hz, dua, guna, prosesor, alpha, baru, lg, lg, klaim, prosesor, milik','seri m g kata milik spesifikasi dua milik resolusi k refresh rate hz dua guna prosesor alpha baru lg lg klaim prosesor milik',3),('tag:google.com,2013:googlealerts/feed:11074000558993077912','topeng kebaikan dan keramahan banyak dipakai dalam masa kampanye pemilu. semoga masyarakat pandai dan bijak bersikap.','topeng kebaikan dan keramahan banyak dipakai dalam masa kampanye pemilu semoga masyarakat pandai dan bijak bersikap','topeng kebaikan dan keramahan banyak dipakai dalam masa kampanye pemilu semoga masyarakat pandai dan bijak bersikap','topeng kebaikan keramahan dipakai masa kampanye pemilu semoga masyarakat pandai bijak bersikap','topeng baik ramah pakai masa kampanye milu moga masyarakat pandai bijak sikap','topeng, baik, ramah, pakai, masa, kampanye, milu, moga, masyarakat, pandai, bijak, sikap','topeng baik ramah pakai masa kampanye milu moga masyarakat pandai bijak sikap',NULL),('tag:google.com,2013:googlealerts/feed:110939476071624849','... rüstungsbranche. 382 views · 1 hour ago handelsblatt morning briefing - news aus wirtschaft, <b>politik</b> und finanzen ...more. handelsblatt. 96.7k.',' rstungsbranche  views   hour ago handelsblatt morning briefing  news aus wirtschaft bpolitikb und finanzen more handelsblatt k',' rstungsbranche  views   hour ago handelsblatt morning briefing  news aus wirtschaft bpolitikb und finanzen more handelsblatt k',' rstungsbranche  views   hour ago handelsblatt morning briefing  news aus wirtschaft bpolitikb und finanzen more handelsblatt k','rstungsbranche views hour ago handelsblatt morning briefing news aus wirtschaft bpolitikb und finanzen more handelsblatt k','rstungsbranche, views, hour, ago, handelsblatt, morning, briefing, news, aus, wirtschaft, bpolitikb, und, finanzen, more, handelsblatt, k','rstungsbranche views hour ago handelsblatt morning briefing news aus wirtschaft bpolitikb und finanzen more handelsblatt k',2),('tag:google.com,2013:googlealerts/feed:1152747793643297488','rencana itu dianggap kurang tepat karena kondisi <b>ekonomi</b> masyarakat yang belum sepenuhnya pulih pasca pandemi covid-19. ketua fraksi nasdem dprd&nbsp;...','rencana itu dianggap kurang tepat karena kondisi bekonomib masyarakat yang belum sepenuhnya pulih pasca pandemi covid ketua fraksi nasdem dprdnbsp','rencana itu dianggap kurang tepat karna?\r kondisi bekonomib masyarakat yang belum sepenuhnya pulih pasca pandemi covid ketua fraksi nasdem dprdnbsp','rencana dianggap kurang tepat karna?\r kondisi bekonomib masyarakat sepenuhnya pulih pasca pandemi covid ketua fraksi nasdem dprdnbsp','rencana anggap kurang tepat karna kondisi bekonomib masyarakat sepenuh pulih pasca pandemi covid ketua fraksi nasdem dprdnbsp','rencana, anggap, kurang, tepat, karna, kondisi, bekonomib, masyarakat, sepenuh, pulih, pasca, pandemi, covid, ketua, fraksi, nasdem, dprdnbsp','rencana anggap kurang tepat karna kondisi bekonomib masyarakat sepenuh pulih pasca pandemi covid ketua fraksi nasdem dprdnbsp',1),('tag:google.com,2013:googlealerts/feed:1200946358002655952','live-talk series hukum dan pembangunan 2024: <b>ekonomi</b>, good governance dan teknologi. januari 4 @ 3:30 pm - 5:00 pm. share this event. 00. days. 17.','livetalk series hukum dan pembangunan  bekonomib good governance dan teknologi januari    pm   pm share this event  days ','livetalk series hukum dan pembangunan  bekonomib good governance dan teknologi januari    pm   pm share this event  days ','livetalk series hukum pembangunan  bekonomib good governance teknologi januari    pm   pm share this event  days ','livetalk series hukum bangun bekonomib good governance teknologi januari pm pm share this event days','livetalk, series, hukum, bangun, bekonomib, good, governance, teknologi, januari, pm, pm, share, this, event, days','livetalk series hukum bangun bekonomib good governance teknologi januari pm pm share this event days',1),('tag:google.com,2013:googlealerts/feed:12482932076240009846','liputan6.com, seoul lg electronics (lg) akan mempersiapkan area pameran khusus dalam rangka mempertunjukkan berbagai produk terbarunya yang inovatif di ajang consumer electronics show 2024 (ces 2024), sebuah acara pameran teknologi internasional yang ...','liputancom seoul lg electronics lg akan mempersiapkan area pameran khusus dalam rangka mempertunjukkan berbagai produk terbarunya yang inovatif di ajang consumer electronics show  ces  sebuah acara pameran teknologi internasional yang','liputancom seoul lg electronics lg akan mempersiapkan area pameran khusus dalam rangka mempertunjukkan berbagai produk terbarunya yang inovatif di ajang consumer electronics show  ces  sebuah acara pameran teknologi internasional yang','liputancom seoul lg electronics lg mempersiapkan area pameran khusus rangka mempertunjukkan berbagai produk terbarunya inovatif ajang consumer electronics show  ces  acara pameran teknologi internasional','liputancom seoul lg electronics lg siap area pamer khusus rangka tunjuk bagai produk baru inovatif ajang consumer electronics show ces acara pamer teknologi internasional','liputancom, seoul, lg, electronics, lg, siap, area, pamer, khusus, rangka, tunjuk, bagai, produk, baru, inovatif, ajang, consumer, electronics, show, ces, acara, pamer, teknologi, internasional','liputancom seoul lg electronics lg siap area pamer khusus rangka tunjuk bagai produk baru inovatif ajang consumer electronics show ces acara pamer teknologi internasional',3),('tag:google.com,2013:googlealerts/feed:12720145601732342827','amanah tolak <b>politik</b> identiti, takutkan melayu - mat sabu. 9.3k views &middot; kita harus bangga ajukan &#39;madanon&#39; lawan &#39;walaun&#39;, kata ketua wanita amanah.','amanah tolak bpolitikb identiti takutkan melayu  mat sabu k views middot kita harus bangga ajukan madanon lawan walaun kata ketua wanita amanah','amanah tolak bpolitikb identiti takutkan melayu  mat sabu k views middot kita harus bangga ajukan madanon lawan walaun kata ketua wanita amanah','amanah tolak bpolitikb identiti takutkan melayu  mat sabu k views middot bangga ajukan madanon lawan walaun ketua wanita amanah','amanah tolak bpolitikb identiti takut melayu mat sabu k views middot bangga aju madanon lawan walaun ketua wanita amanah','amanah, tolak, bpolitikb, identiti, takut, melayu, mat, sabu, k, views, middot, bangga, aju, madanon, lawan, walaun, ketua, wanita, amanah','amanah tolak bpolitikb identiti takut melayu mat sabu k views middot bangga aju madanon lawan walaun ketua wanita amanah',2),('tag:google.com,2013:googlealerts/feed:12961116199769685562','borneonews, palangka raya - anggota komisi b dprd palangka raya, khemal nasery mengungkapkan harapannya terhadap pertumbuhan <b>ekonomi</b> yang lebih baik&nbsp;...','borneonews palangka raya  anggota komisi b dprd palangka raya khemal nasery mengungkapkan harapannya terhadap pertumbuhan bekonomib yang lebih baiknbsp','borneonews palangka raya  anggota komissi\r b dprd palangka raya khemal nasery mengungkapkan harapannya terhadap pertumbuhan bekonomib yang lebih baiknbsp','borneonews palangka raya  anggota komissi\r b dprd palangka raya khemal nasery mengungkapkan harapannya pertumbuhan bekonomib baiknbsp','borneonews palangka raya anggota komissi b dprd palangka raya khemal nasery ungkap harap tumbuh bekonomib baiknbsp','borneonews, palangka, raya, anggota, komissi, b, dprd, palangka, raya, khemal, nasery, ungkap, harap, tumbuh, bekonomib, baiknbsp','borneonews palangka raya anggota komissi b dprd palangka raya khemal nasery ungkap harap tumbuh bekonomib baiknbsp',1),('tag:google.com,2013:googlealerts/feed:1299670239595779078','presiden joko widodo (jokowi) berharap indonesia dapat memanfaatkan bonus demografi untuk melompat menjadi negara maju.','presiden joko widodo jokowi berharap indonesia dapat memanfaatkan bonus demografi untuk melompat menjadi negara maju','presiden joko widodo jokowi berharap indonesia dapat memanfaatkan bonus demografi untuk melompat menjadi negara maju','presiden joko widodo jokowi berharap indonesia memanfaatkan bonus demografi melompat menjadi negara maju','presiden joko widodo jokowi harap indonesia manfaat bonus demografi lompat jadi negara maju','presiden, joko, widodo, jokowi, harap, indonesia, manfaat, bonus, demografi, lompat, jadi, negara, maju','presiden joko widodo jokowi harap indonesia manfaat bonus demografi lompat jadi negara maju',NULL),('tag:google.com,2013:googlealerts/feed:13784797537281627543','sementara untuk baterai yang digunakannya adalah 4830 mah. menurut klaimnya, baterai ini mampu bertahan hingga 10 jam dalam sekali pengisian daya. prosesor yang digunakan avita liber v14 juga telah didukung oleh intel uhd graphics 620 untuk membantu ...','sementara untuk baterai yang digunakannya adalah  mah menurut klaimnya baterai ini mampu bertahan hingga  jam dalam sekali pengisian daya prosesor yang digunakan avita liber v juga telah didukung oleh intel uhd graphics  untuk membantu','sementara untuk baterei\r yang digunakannya adalah  mah menurut klaimnya baterei\r ini mampu bertahan hingga  jam dalam sekali pengisian daya prosesor yang digunakan avita liber v juga telah didukung oleh intel uhd graphics  untuk membantu','baterei\r digunakannya  mah menurut klaimnya baterei\r bertahan  jam pengisian daya prosesor digunakan avita liber v didukung intel uhd graphics  membantu','baterei guna mah turut klaim baterei tahan jam isi daya prosesor guna avita liber v dukung intel uhd graphics bantu','baterei, guna, mah, turut, klaim, baterei, tahan, jam, isi, daya, prosesor, guna, avita, liber, v, dukung, intel, uhd, graphics, bantu','baterei guna mah turut klaim baterei tahan jam isi daya prosesor guna avita liber v dukung intel uhd graphics bantu',3),('tag:google.com,2013:googlealerts/feed:14233746470377470906','barry bennett and doug watts cut deferred prosecution deals over claims of undisclosed lobbying for qatar.','barry bennett and doug watts cut deferred prosecution deals over claims of undisclosed lobbying for qatar','barry bennett and doug watts cut deferred prosecution deals over claims of undisclosed lobbying for qatar','barry bennett and doug watts cut deferred prosecution deals over claims of undisclosed lobbying for qatar','barry bennett and doug watts cut deferred prosecution deals over claims of undisclosed lobbying for qatar','barry, bennett, and, doug, watts, cut, deferred, prosecution, deals, over, claims, of, undisclosed, lobbying, for, qatar','barry bennett and doug watts cut deferred prosecution deals over claims of undisclosed lobbying for qatar',2),('tag:google.com,2013:googlealerts/feed:14275657017744274474','dalam safari politiknya selasa (2/01) sore, ganjar menemui ratusan warga dari kelompok milenial dari berbagai kota di taman kopi jepara.','dalam safari politiknya selasa  sore ganjar menemui ratusan warga dari kelompok milenial dari berbagai kota di taman kopi jepara','dalam safari politiknya selasa  sore ganjar menemui ratusan warga dari kelompok milenial dari berbagai kota di taman kopi jepara','safari politiknya selasa  sore ganjar menemui ratusan warga kelompok milenial berbagai kota taman kopi jepara','safari politik selasa sore ganjar temu ratus warga kelompok milenial bagai kota taman kopi jepara','safari, politik, selasa, sore, ganjar, temu, ratus, warga, kelompok, milenial, bagai, kota, taman, kopi, jepara','safari politik selasa sore ganjar temu ratus warga kelompok milenial bagai kota taman kopi jepara',NULL),('tag:google.com,2013:googlealerts/feed:14724989476573786125','harga awal yang ditetapkan samsung untuk galaxy s23 basic adalah rp10.999.000 untuk varian 128 gb dan rp12.999.000 untuk varian 256 gb. namun, pada awal januari 2024, harga galaxy ...','harga awal yang ditetapkan samsung untuk galaxy s basic adalah rp untuk varian  gb dan rp untuk varian  gb namun pada awal januari  harga galaxy','harga awal yang ditetapkan samsung untuk galaxy s basic adalah rp untuk varian  gb dan rp untuk varian  gb namun pada awal januari  harga galaxy','harga awal ditetapkan samsung galaxy s basic rp varian  gb rp varian  gb awal januari  harga galaxy','harga awal tetap samsung galaxy s basic rp varian gb rp varian gb awal januari harga galaxy','harga, awal, tetap, samsung, galaxy, s, basic, rp, varian, gb, rp, varian, gb, awal, januari, harga, galaxy','harga awal tetap samsung galaxy s basic rp varian gb rp varian gb awal januari harga galaxy',3),('tag:google.com,2013:googlealerts/feed:14944261358702557960','calon presiden (capres) nomor urut 1, anies baswedan mendapat julukan baru, yakni abah online usai melakukan live di social media tiktok.','calon presiden capres nomor urut  anies baswedan mendapat julukan baru yakni abah online usai melakukan live di social media tiktok','calon presiden capres nomer\r urut  anies baswedan mendapat julukan baru yakni abah online usai melakukan live di social media tiktok','calon presiden capres nomer\r urut  anies baswedan mendapat julukan baru abah online usai melakukan live social media tiktok','calon presiden capres nomer urut anies baswedan dapat juluk baru abah online usai laku live social media tiktok','calon, presiden, capres, nomer, urut, anies, baswedan, dapat, juluk, baru, abah, online, usai, laku, live, social, media, tiktok','calon presiden capres nomer urut anies baswedan dapat juluk baru abah online usai laku live social media tiktok',NULL),('tag:google.com,2013:googlealerts/feed:14989892334155664065','banda aceh - pengamat <b>ekonomi</b>, rustam effendi, menyebutkan sepanjang 2023 pertumbuhan <b>ekonomi</b> aceh masih terjebak di angka 5 persen ke bawah.','banda aceh  pengamat bekonomib rustam effendi menyebutkan sepanjang  pertumbuhan bekonomib aceh masih terjebak di angka  persen ke bawah','banda aceh  pengamat bekonomib rustam effendi menyebutkan sepanjang  pertumbuhan bekonomib aceh masih terjebak di angka  persen ke bawah','banda aceh  pengamat bekonomib rustam effendi menyebutkan  pertumbuhan bekonomib aceh terjebak angka  persen bawah','banda aceh amat bekonomib rustam effendi sebut tumbuh bekonomib aceh jebak angka persen bawah','banda, aceh, amat, bekonomib, rustam, effendi, sebut, tumbuh, bekonomib, aceh, jebak, angka, persen, bawah','banda aceh amat bekonomib rustam effendi sebut tumbuh bekonomib aceh jebak angka persen bawah',1),('tag:google.com,2013:googlealerts/feed:15147140819430994328','berita <b>kompas</b> tv - jakarta, <b>kompas</b>.tv - menko polhukam mahfud md mengatakan, dirinya masih aktif berkantor meski menjadi peserta dalam kontestasi&nbsp;...','berita bkompasb tv  jakarta bkompasbtv  menko polhukam mahfud md mengatakan dirinya masih aktif berkantor meski menjadi peserta dalam kontestasinbsp','berita bkompasb tv  jakarta bkompasbtv  menko polhukam mahfud md mengatakan dirinya masih aktip\r berkantor meski menjadi peserta dalam kontestasinbsp','berita bkompasb tv  jakarta bkompasbtv  menko polhukam mahfud md mengatakan aktip\r berkantor menjadi peserta kontestasinbsp','berita bkompasb tv jakarta bkompasbtv menko polhukam mahfud md kata aktip kantor jadi serta kontestasinbsp','berita, bkompasb, tv, jakarta, bkompasbtv, menko, polhukam, mahfud, md, kata, aktip, kantor, jadi, serta, kontestasinbsp','berita bkompasb tv jakarta bkompasbtv menko polhukam mahfud md kata aktip kantor jadi serta kontestasinbsp',NULL),('tag:google.com,2013:googlealerts/feed:15164093499536290272','... dalam memajukan sektor-sektor <b>ekonomi</b> kunci, meningkatkan inovasi, dan memberikan solusi untuk tantangan <b>ekonomi</b> yang dihadapi indonesia.',' dalam memajukan sektorsektor bekonomib kunci meningkatkan inovasi dan memberikan solusi untuk tantangan bekonomib yang dihadapi indonesia',' dalam memajukan sektorsektor bekonomib kunci meningkatkan inovasi dan memberikan solusi untuk tantangan bekonomib yang dihadapi indonesia',' memajukan sektorsektor bekonomib kunci meningkatkan inovasi memberikan solusi tantangan bekonomib dihadapi indonesia','maju sektorsektor bekonomib kunci tingkat inovasi beri solusi tantang bekonomib hadap indonesia','maju, sektorsektor, bekonomib, kunci, tingkat, inovasi, beri, solusi, tantang, bekonomib, hadap, indonesia','maju sektorsektor bekonomib kunci tingkat inovasi beri solusi tantang bekonomib hadap indonesia',1),('tag:google.com,2013:googlealerts/feed:15203838701856583120','yu zhong jadi salah satu hero yang tepat jika kamu harus berhadapan langsung dengan seorang cici. soalnya, karakter ini memiliki efek lifesteal yang cukup tinggi. dengan begitu, yu zhong bisa dengan mudah main agresif.','yu zhong jadi salah satu hero yang tepat jika kamu harus berhadapan langsung dengan seorang cici soalnya karakter ini memiliki efek lifesteal yang cukup tinggi dengan begitu yu zhong bisa dengan mudah main agresif','yu zhong jadi salah satu hero yang tepat jika kamu harus berhadapan langsung dengan seorang cici soalnya karakter ini memiliki efek lifesteal yang cukup tinggi dengan begitu yu zhong bisa dengan mudah main agresif','yu zhong jadi salah satu hero tepat berhadapan langsung cici soalnya karakter memiliki efek lifesteal tinggi yu zhong main agresif','yu zhong jadi salah satu hero tepat hadap langsung cici soal karakter milik efek lifesteal tinggi yu zhong main agresif','yu, zhong, jadi, salah, satu, hero, tepat, hadap, langsung, cici, soal, karakter, milik, efek, lifesteal, tinggi, yu, zhong, main, agresif','yu zhong jadi salah satu hero tepat hadap langsung cici soal karakter milik efek lifesteal tinggi yu zhong main agresif',3),('tag:google.com,2013:googlealerts/feed:15217210677900595869','setelah aktivitas <b>ekonomi</b> meningkat secara singkat pada kuartal pertama tahun lalu, pmi manufaktur resmi mengalami kontraksi selama lima bulan hingga&nbsp;...','setelah aktivitas bekonomib meningkat secara singkat pada kuartal pertama tahun lalu pmi manufaktur resmi mengalami kontraksi selama lima bulan hingganbsp','setelah aktifitas\r bekonomib meningkat secara singkat pada kuartal pertama tahun lalu pmi manufaktur resmi mengalami kontraksi selama lima bulan hingganbsp','aktifitas\r bekonomib meningkat secara singkat kuartal pertama tahun pmi manufaktur resmi mengalami kontraksi lima bulan hingganbsp','aktifitas bekonomib tingkat cara singkat kuartal pertama tahun pmi manufaktur resmi alami kontraksi lima bulan hingganbsp','aktifitas, bekonomib, tingkat, cara, singkat, kuartal, pertama, tahun, pmi, manufaktur, resmi, alami, kontraksi, lima, bulan, hingganbsp','aktifitas bekonomib tingkat cara singkat kuartal pertama tahun pmi manufaktur resmi alami kontraksi lima bulan hingganbsp',1),('tag:google.com,2013:googlealerts/feed:15444009284665144023','meski dukungannya disetop, gamer masih bisa bermain cs:go, tetapi, berbagai fungsionalitas yang berkaitan dengan fitur game coordinator akan mengalami masalah atau sama sekali tidak bisa digunakan. adapun ...','meski dukungannya disetop gamer masih bisa bermain csgo tetapi berbagai fungsionalitas yang berkaitan dengan fitur game coordinator akan mengalami masalah atau sama sekali tidak bisa digunakan adapun','meski dukungannya disetop gamer masih bisa bermain csgo tetapi berbagai fungsionalitas yang berkaitan dengan fitur game coordinator akan mengalami masalah atau sama sekali tidak bisa digunakan adapun','dukungannya disetop gamer bermain csgo berbagai fungsionalitas berkaitan fitur game coordinator mengalami masalah digunakan','dukung setop gamer main csgo bagai fungsionalitas kait fitur game coordinator alami masalah guna','dukung, setop, gamer, main, csgo, bagai, fungsionalitas, kait, fitur, game, coordinator, alami, masalah, guna','dukung setop gamer main csgo bagai fungsionalitas kait fitur game coordinator alami masalah guna',3),('tag:google.com,2013:googlealerts/feed:15566105138837025368','di bawah judul &quot;ex kapten suradi dituntut hukuman mati&quot;, harian <b>kompas</b> yang terbit pada 27 januari 1969, menurunkan laporan mahkamah milter.','di bawah judul quotex kapten suradi dituntut hukuman matiquot harian bkompasb yang terbit pada  januari  menurunkan laporan mahkamah milter','di bawah judul quotex kapten suradi dituntut hukuman matiquot harian bkompasb yang terbit pada  januari  menurunkan laporan mahkamah milter','bawah judul quotex kapten suradi dituntut hukuman matiquot harian bkompasb terbit  januari  menurunkan laporan mahkamah milter','bawah judul quotex kapten suradi tuntut hukum matiquot hari bkompasb terbit januari turun lapor mahkamah milter','bawah, judul, quotex, kapten, suradi, tuntut, hukum, matiquot, hari, bkompasb, terbit, januari, turun, lapor, mahkamah, milter','bawah judul quotex kapten suradi tuntut hukum matiquot hari bkompasb terbit januari turun lapor mahkamah milter',NULL),('tag:google.com,2013:googlealerts/feed:15756747703884568325','memiliki teknologi turbo boost yang memungkinkan peningkatan performa secara otomatis sesuai dengan kebutuhan aplikasi yang dijalankan. sedangkan intel i7 adalah varian prosesor dengan performa tertinggi. biasa digunakan pada perangkat yang dirancang untu','memiliki teknologi turbo boost yang memungkinkan peningkatan performa secara otomatis sesuai dengan kebutuhan aplikasi yang dijalankan sedangkan intel i adalah varian prosesor dengan performa tertinggi biasa digunakan pada perangkat yang dirancang untu','memiliki teknologi turbo boost yang memungkinkan peningkatan performa secara otomatis sesuai dengan kebutuhan aplikasi yang dijalankan sedangkan intel i adalah varian prosesor dengan performa tertinggi biasa digunakan pada perangkat yang dirancang untu','memiliki teknologi turbo boost memungkinkan peningkatan performa secara otomatis sesuai kebutuhan aplikasi dijalankan intel i varian prosesor performa tertinggi digunakan perangkat dirancang untu','milik teknologi turbo boost mungkin tingkat performa cara otomatis sesuai butuh aplikasi jalan intel i varian prosesor performa tinggi guna perangkat rancang untu','milik, teknologi, turbo, boost, mungkin, tingkat, performa, cara, otomatis, sesuai, butuh, aplikasi, jalan, intel, i, varian, prosesor, performa, tinggi, guna, perangkat, rancang, untu','milik teknologi turbo boost mungkin tingkat performa cara otomatis sesuai butuh aplikasi jalan intel i varian prosesor performa tinggi guna perangkat rancang untu',3),('tag:google.com,2013:googlealerts/feed:15771779034231965133','actors, writers and celebs have lined up in defense of gérard depardieu, alongside the french president.','actors writers and celebs have lined up in defense of grard depardieu alongside the french president','actors writers and celebs have lined up in defense of grard depardieu alongside the french president','actors writers and celebs have lined up in defense of grard depardieu alongside the french president','actors writers and celebs have lined up in defense of grard depardieu alongside the french president','actors, writers, and, celebs, have, lined, up, in, defense, of, grard, depardieu, alongside, the, french, president','actors writers and celebs have lined up in defense of grard depardieu alongside the french president',2),('tag:google.com,2013:googlealerts/feed:15787024800253797677','api yang cepat membesar membuat warga permukiman padat penduduk ini panik. petugas pemadam kebakaran jakarta barat langsung berupaya memadamkan&nbsp;...','api yang cepat membesar membuat warga permukiman padat penduduk ini panik petugas pemadam kebakaran jakarta barat langsung berupaya memadamkannbsp','api yang cepat membesar membuat warga permukiman padat penduduk ini panik petugas pemadam kebakaran jakarta barat langsung berupaya memadamkannbsp','api cepat membesar membuat warga permukiman padat penduduk panik petugas pemadam kebakaran jakarta barat langsung berupaya memadamkannbsp','api cepat besar buat warga mukim padat duduk panik tugas madam bakar jakarta barat langsung upaya memadamkannbsp','api, cepat, besar, buat, warga, mukim, padat, duduk, panik, tugas, madam, bakar, jakarta, barat, langsung, upaya, memadamkannbsp','api cepat besar buat warga mukim padat duduk panik tugas madam bakar jakarta barat langsung upaya memadamkannbsp',NULL),('tag:google.com,2013:googlealerts/feed:15898279672439713468','social media menu. twitter &middot; logo: internationale <b>politik</b>. menu. main menu. current issue &middot; all issues &middot; columns &middot; about. breadcrumb. all articles. ip.','social media menu twitter middot logo internationale bpolitikb menu main menu current issue middot all issues middot columns middot about breadcrumb all articles ip','social media menu twitter middot logo internationale bpolitikb menu main menu current issue middot all issues middot columns middot about breadcrumb all articles ip','social media menu twitter middot logo internationale bpolitikb menu main menu current issue middot all issues middot columns middot about breadcrumb all articles ip','social media menu twitter middot logo internationale bpolitikb menu main menu current issue middot all issues middot columns middot about breadcrumb all articles ip','social, media, menu, twitter, middot, logo, internationale, bpolitikb, menu, main, menu, current, issue, middot, all, issues, middot, columns, middot, about, breadcrumb, all, articles, ip','social media menu twitter middot logo internationale bpolitikb menu main menu current issue middot all issues middot columns middot about breadcrumb all articles ip',2),('tag:google.com,2013:googlealerts/feed:16040393347898286922','... <b>ekonomi</b> masing-masing. harapannya, upaya itu bisa meraih simpati dan dukungan pemilih. salah satu strategi <b>ekonomi</b> pasangan capres-cawapres anies&nbsp;...',' bekonomib masingmasing harapannya upaya itu bisa meraih simpati dan dukungan pemilih salah satu strategi bekonomib pasangan caprescawapres aniesnbsp',' bekonomib masingmasing harapannya upaya itu bisa meraih simpati dan dukungan pemilih salah satu strategi bekonomib pasangan caprescawapres aniesnbsp',' bekonomib masingmasing harapannya upaya meraih simpati dukungan pemilih salah satu strategi bekonomib pasangan caprescawapres aniesnbsp','bekonomib masingmasing harap upaya raih simpati dukung pilih salah satu strategi bekonomib pasang caprescawapres aniesnbsp','bekonomib, masingmasing, harap, upaya, raih, simpati, dukung, pilih, salah, satu, strategi, bekonomib, pasang, caprescawapres, aniesnbsp','bekonomib masingmasing harap upaya raih simpati dukung pilih salah satu strategi bekonomib pasang caprescawapres aniesnbsp',1),('tag:google.com,2013:googlealerts/feed:16507976096111586905','... <b>ekonomi</b> internasional dan menjaga momentum pertumbuhan <b>ekonomi</b> ditengah ketidak pastian <b>ekonomi</b> global? apa strategi <b>ekonomi</b> politik yang mungkin&nbsp;...',' bekonomib internasional dan menjaga momentum pertumbuhan bekonomib ditengah ketidak pastian bekonomib global apa strategi bekonomib politik yang mungkinnbsp',' bekonomib internasional dan menjaga momentum pertumbuhan bekonomib ditengah ketidak pastian bekonomib global apa strategi bekonomib politik yang mungkinnbsp',' bekonomib internasional menjaga momentum pertumbuhan bekonomib ditengah ketidak pastian bekonomib global strategi bekonomib politik mungkinnbsp','bekonomib internasional jaga momentum tumbuh bekonomib tengah tidak pasti bekonomib global strategi bekonomib politik mungkinnbsp','bekonomib, internasional, jaga, momentum, tumbuh, bekonomib, tengah, tidak, pasti, bekonomib, global, strategi, bekonomib, politik, mungkinnbsp','bekonomib internasional jaga momentum tumbuh bekonomib tengah tidak pasti bekonomib global strategi bekonomib politik mungkinnbsp',1),('tag:google.com,2013:googlealerts/feed:16823466625089179852','namun pendapat berbeda datang dari kepala staf presiden moeldoko menyebut, deklarasi satpol pp di garut yang mendukung gibran rakamubing raka&nbsp;...','namun pendapat berbeda datang dari kepala staf presiden moeldoko menyebut deklarasi satpol pp di garut yang mendukung gibran rakamubing rakanbsp','namun pendapat berbeda datang dari kepala staf presiden moeldoko menyebut deklarasi satpol pp di garut yang mendukung gibran rakamubing rakanbsp','pendapat berbeda datang kepala staf presiden moeldoko menyebut deklarasi satpol pp garut mendukung gibran rakamubing rakanbsp','dapat beda datang kepala staf presiden moeldoko sebut deklarasi satpol pp garut dukung gibran rakamubing rakanbsp','dapat, beda, datang, kepala, staf, presiden, moeldoko, sebut, deklarasi, satpol, pp, garut, dukung, gibran, rakamubing, rakanbsp','dapat beda datang kepala staf presiden moeldoko sebut deklarasi satpol pp garut dukung gibran rakamubing rakanbsp',NULL),('tag:google.com,2013:googlealerts/feed:17391236256633963032','... <b>ekonomi</b>-negara artikel ini bisa dilihat di : https://video.kompas.com/watch/1135416/biaya-perang-israel-di-gaza-capai-rp-897-3-triliun-bebani&nbsp;...',' bekonomibnegara artikel ini bisa dilihat di  httpsvideokompascomwatchbiayaperangisraeldigazacapairptriliunbebaninbsp',' bekonomibnegara artikel ini bisa dilihat di  httpsvideokompascomwatchbiayaperangisraeldigazacapairptriliunbebaninbsp',' bekonomibnegara artikel dilihat  httpsvideokompascomwatchbiayaperangisraeldigazacapairptriliunbebaninbsp','bekonomibnegara artikel lihat httpsvideokompascomwatchbiayaperangisraeldigazacapairptriliunbebaninbsp','bekonomibnegara, artikel, lihat, httpsvideokompascomwatchbiayaperangisraeldigazacapairptriliunbebaninbsp','bekonomibnegara artikel lihat httpsvideokompascomwatchbiayaperangisraeldigazacapairptriliunbebaninbsp',1),('tag:google.com,2013:googlealerts/feed:17487574257620215763','gratis, simpan dan download video tiktok lucu dan insipiratif dengan cara aman dan legal. di tiktok, pengguna bisa menemukan banyak video lucu, sedih, atau bahkan inspiratif yang bisa dibagikan kepada teman-teman.','gratis simpan dan download video tiktok lucu dan insipiratif dengan cara aman dan legal di tiktok pengguna bisa menemukan banyak video lucu sedih atau bahkan inspiratif yang bisa dibagikan kepada temanteman','gratis simpan dan download video tiktok lucu dan insipiratif dengan cara aman dan legal di tiktok pengguna bisa menemukan banyak video lucu sedih atau bahkan inspiratif yang bisa dibagikan kepada temanteman','gratis simpan download video tiktok lucu insipiratif cara aman legal tiktok pengguna menemukan video lucu sedih inspiratif dibagikan temanteman','gratis simpan download video tiktok lucu insipiratif cara aman legal tiktok guna temu video lucu sedih inspiratif bagi temanteman','gratis, simpan, download, video, tiktok, lucu, insipiratif, cara, aman, legal, tiktok, guna, temu, video, lucu, sedih, inspiratif, bagi, temanteman','gratis simpan download video tiktok lucu insipiratif cara aman legal tiktok guna temu video lucu sedih inspiratif bagi temanteman',3),('tag:google.com,2013:googlealerts/feed:17936809627693123110','berita <b>kompas</b> tv - yogyakarta, <b>kompas</b>.tv - mengawali tahun 2024, calon presiden nomor urut 1 anies baswedan bernostalgia dengan mengunjungi rumah&nbsp;...','berita bkompasb tv  yogyakarta bkompasbtv  mengawali tahun  calon presiden nomor urut  anies baswedan bernostalgia dengan mengunjungi rumahnbsp','berita bkompasb tv  jogjakarta\r bkompasbtv  mengawali tahun  calon presiden nomer\r urut  anies baswedan bernostalgia dengan mengunjungi rumahnbsp','berita bkompasb tv  jogjakarta\r bkompasbtv  mengawali tahun  calon presiden nomer\r urut  anies baswedan bernostalgia mengunjungi rumahnbsp','berita bkompasb tv jogjakarta bkompasbtv awal tahun calon presiden nomer urut anies baswedan nostalgia unjung rumahnbsp','berita, bkompasb, tv, jogjakarta, bkompasbtv, awal, tahun, calon, presiden, nomer, urut, anies, baswedan, nostalgia, unjung, rumahnbsp','berita bkompasb tv jogjakarta bkompasbtv awal tahun calon presiden nomer urut anies baswedan nostalgia unjung rumahnbsp',NULL),('tag:google.com,2013:googlealerts/feed:18283385009621830004','mengenai spesifikasi dari tecno spark 20 pro plus, ponsel ini datang dengan kamera utama 108mp (kemampuan 3x lossless zoom dan 10x digital zoom). di kameranya terdapat sensor 1/1,67 dan aperture f ...','mengenai spesifikasi dari tecno spark  pro plus ponsel ini datang dengan kamera utama mp kemampuan x lossless zoom dan x digital zoom di kameranya terdapat sensor  dan aperture f','mengenai spesifikasi dari tecno spark  pro plus ponsel ini datang dengan kamera utama mp kemampuan x lossless zoom dan x digital zoom di kameranya terdapat sensor  dan aperture f','mengenai spesifikasi tecno spark  pro plus ponsel datang kamera utama mp kemampuan x lossless zoom x digital zoom kameranya terdapat sensor  aperture f','kena spesifikasi tecno spark pro plus ponsel datang kamera utama mp mampu x lossless zoom x digital zoom kamera dapat sensor aperture f','kena, spesifikasi, tecno, spark, pro, plus, ponsel, datang, kamera, utama, mp, mampu, x, lossless, zoom, x, digital, zoom, kamera, dapat, sensor, aperture, f','kena spesifikasi tecno spark pro plus ponsel datang kamera utama mp mampu x lossless zoom x digital zoom kamera dapat sensor aperture f',3),('tag:google.com,2013:googlealerts/feed:1873859237240802676','foto udara kawasan hutan mangrove di buton utara, sulawesi tenggara, minggu (19/3/2023). potensi nilai <b>ekonomi</b> karbon (nek) indonesia mencapai rp&nbsp;...','foto udara kawasan hutan mangrove di buton utara sulawesi tenggara minggu  potensi nilai bekonomib karbon nek indonesia mencapai rpnbsp','photo\r udara kawasan hutan mangrove di buton utara sulawesi tenggara minggu  potensi nilai bekonomib karbon nek indonesia mencapek\r rpnbsp','photo\r udara kawasan hutan mangrove buton utara sulawesi tenggara minggu  potensi nilai bekonomib karbon nek indonesia mencapek\r rpnbsp','photo udara kawasan hutan mangrove buton utara sulawesi tenggara minggu potensi nilai bekonomib karbon nek indonesia capek rpnbsp','photo, udara, kawasan, hutan, mangrove, buton, utara, sulawesi, tenggara, minggu, potensi, nilai, bekonomib, karbon, nek, indonesia, capek, rpnbsp','photo udara kawasan hutan mangrove buton utara sulawesi tenggara minggu potensi nilai bekonomib karbon nek indonesia capek rpnbsp',1),('tag:google.com,2013:googlealerts/feed:2161127109467914608','menko polhukam mahfud md mengatakan dirinya masih aktif berkantor meski menjadi peserta dalam kontestasi pilpres 2024 sebagai cawapres nomor urut&nbsp;...','menko polhukam mahfud md mengatakan dirinya masih aktif berkantor meski menjadi peserta dalam kontestasi pilpres  sebagai cawapres nomor urutnbsp','menko polhukam mahfud md mengatakan dirinya masih aktip\r berkantor meski menjadi peserta dalam kontestasi pilpres  sebagai cawapres nomer\r urutnbsp','menko polhukam mahfud md mengatakan aktip\r berkantor menjadi peserta kontestasi pilpres  cawapres nomer\r urutnbsp','menko polhukam mahfud md kata aktip kantor jadi serta kontestasi pilpres cawapres nomer urutnbsp','menko, polhukam, mahfud, md, kata, aktip, kantor, jadi, serta, kontestasi, pilpres, cawapres, nomer, urutnbsp','menko polhukam mahfud md kata aktip kantor jadi serta kontestasi pilpres cawapres nomer urutnbsp',NULL),('tag:google.com,2013:googlealerts/feed:2783335031140731995','azza hanya bisa tertunduk saat polisi berhasil menangkapnya di rumahnya di kediri, jawa timur. polisi terus menanyainya perihal kejadian pembunuhan di&nbsp;...','azza hanya bisa tertunduk saat polisi berhasil menangkapnya di rumahnya di kediri jawa timur polisi terus menanyainya perihal kejadian pembunuhan dinbsp','azza hanya bisa tertunduk saat polisi berhasil menangkapnya di rumahnya di kediri jawa timur polisi terus menanyainya perihal kejadian pembunuhan dinbsp','azza tertunduk polisi berhasil menangkapnya rumahnya kediri jawa timur polisi menanyainya perihal kejadian pembunuhan dinbsp','azza tunduk polisi hasil tangkap rumah diri jawa timur polisi tanya perihal jadi bunuh dinbsp','azza, tunduk, polisi, hasil, tangkap, rumah, diri, jawa, timur, polisi, tanya, perihal, jadi, bunuh, dinbsp','azza tunduk polisi hasil tangkap rumah diri jawa timur polisi tanya perihal jadi bunuh dinbsp',NULL),('tag:google.com,2013:googlealerts/feed:2818493252668902432','nvidia sudah punya agenda pre-event “special address” pada 8 januari 2024 dan baru-baru ini perusahaan perancang gpu asal amerika serikat membagikan sebuah teaser yang mengindikasikan kehadiran model kartu grafis baru dari keluarga rtx 40 series.','nvidia sudah punya agenda preevent special address pada  januari  dan barubaru ini perusahaan perancang gpu asal amerika serikat membagikan sebuah teaser yang mengindikasikan kehadiran model kartu grafis baru dari keluarga rtx  series','nvidia sudah punya agenda preevent special address pada  januari  dan barubaru ini perusahaan perancang gpu asal amerika serikat membagikan sebuah teaser yang mengindikasikan kehadiran model kartu grafis baru dari keluarga rtx  series','nvidia agenda preevent special address  januari  barubaru perusahaan perancang gpu asal amerika serikat membagikan teaser mengindikasikan kehadiran model kartu grafis baru keluarga rtx  series','nvidia agenda preevent special address januari barubaru usaha ancang gpu asal amerika serikat bagi teaser indikasi hadir model kartu grafis baru keluarga rtx series','nvidia, agenda, preevent, special, address, januari, barubaru, usaha, ancang, gpu, asal, amerika, serikat, bagi, teaser, indikasi, hadir, model, kartu, grafis, baru, keluarga, rtx, series','nvidia agenda preevent special address januari barubaru usaha ancang gpu asal amerika serikat bagi teaser indikasi hadir model kartu grafis baru keluarga rtx series',3),('tag:google.com,2013:googlealerts/feed:2918422714219073640','strategi pembangunan. fuzhou - tiongkok mengumumkan sejumlah langkah konkret dalam enam bidang guna meningkatkan dukungan bagi <b>ekonomi</b> swasta,&nbsp;...','strategi pembangunan fuzhou  tiongkok mengumumkan sejumlah langkah konkret dalam enam bidang guna meningkatkan dukungan bagi bekonomib swastanbsp','strategi pembangunan fuzhou  tiongkok mengumumkan sejumlah langkah konkret dalam enam bidang guna meningkatkan dukungan bagi bekonomib swastanbsp','strategi pembangunan fuzhou  tiongkok mengumumkan sejumlah langkah konkret enam bidang guna meningkatkan dukungan bekonomib swastanbsp','strategi bangun fuzhou tiongkok umum jumlah langkah konkret enam bidang guna tingkat dukung bekonomib swastanbsp','strategi, bangun, fuzhou, tiongkok, umum, jumlah, langkah, konkret, enam, bidang, guna, tingkat, dukung, bekonomib, swastanbsp','strategi bangun fuzhou tiongkok umum jumlah langkah konkret enam bidang guna tingkat dukung bekonomib swastanbsp',1),('tag:google.com,2013:googlealerts/feed:3135132933530545537','kita ingin kebijakan pertumbuhan <b>ekonomi</b>, yang menciptakan pemerataan dan keberlanjutan. istilahnya pertumbuhan yang berkualitas,” ucap anies. bila&nbsp;...','kita ingin kebijakan pertumbuhan bekonomib yang menciptakan pemerataan dan keberlanjutan istilahnya pertumbuhan yang berkualitas ucap anies bilanbsp','kita ingin kebijakan pertumbuhan bekonomib yang menciptakan pemerataan dan keberlanjutan istilahnya pertumbuhan yang berkwalitas\r ucap anies bilanbsp','kebijakan pertumbuhan bekonomib menciptakan pemerataan keberlanjutan istilahnya pertumbuhan berkwalitas\r ucap anies bilanbsp','bijak tumbuh bekonomib cipta perata lanjut istilah tumbuh berkwalitas ucap anies bilanbsp','bijak, tumbuh, bekonomib, cipta, perata, lanjut, istilah, tumbuh, berkwalitas, ucap, anies, bilanbsp','bijak tumbuh bekonomib cipta perata lanjut istilah tumbuh berkwalitas ucap anies bilanbsp',1),('tag:google.com,2013:googlealerts/feed:3992759668456066367','antariksa -- pada tanggal 3 januari 2004, penjelajah spirit nasa mendarat di mars. robot penjelajah yang juga dikenal sebagai mars exploration rover 2 adalah penjelajah kembar nasa yang pertama kali mendarat di planet merah.','antariksa  pada tanggal  januari  penjelajah spirit nasa mendarat di mars robot penjelajah yang juga dikenal sebagai mars exploration rover  adalah penjelajah kembar nasa yang pertama kali mendarat di planet merah','antariksa  pada tanggal  januari  penjelajah spirit nasa mendarat di mars robot penjelajah yang juga dikenal sebagai mars exploration rover  adalah penjelajah kembar nasa yang pertama kali mendarat di planet merah','antariksa  tanggal  januari  penjelajah spirit nasa mendarat mars robot penjelajah dikenal mars exploration rover  penjelajah kembar nasa pertama mendarat planet merah','antariksa tanggal januari jelajah spirit nasa darat mars robot jelajah kenal mars exploration rover jelajah kembar nasa pertama darat planet merah','antariksa, tanggal, januari, jelajah, spirit, nasa, darat, mars, robot, jelajah, kenal, mars, exploration, rover, jelajah, kembar, nasa, pertama, darat, planet, merah','antariksa tanggal januari jelajah spirit nasa darat mars robot jelajah kenal mars exploration rover jelajah kembar nasa pertama darat planet merah',3),('tag:google.com,2013:googlealerts/feed:4111941367104513599','... https://www.handelsblatt.com/<b>politik</b>/international/israel-krieg-tod-von-hamas-anfuehrer-in-beirut-hisbollah-kuendigt-vergeltung-an/29433048.html.',' httpswwwhandelsblattcombpolitikbinternationalisraelkriegtodvonhamasanfuehrerinbeiruthisbollahkuendigtvergeltunganhtml',' httpswwwhandelsblattcombpolitikbinternationalisraelkriegtodvonhamasanfuehrerinbeiruthisbollahkuendigtvergeltunganhtml',' httpswwwhandelsblattcombpolitikbinternationalisraelkriegtodvonhamasanfuehrerinbeiruthisbollahkuendigtvergeltunganhtml','httpswwwhandelsblattcombpolitikbinternationalisraelkriegtodvonhamasanfuehrerinbeiruthisbollahkuendigtvergeltunganhtml','httpswwwhandelsblattcombpolitikbinternationalisraelkriegtodvonhamasanfuehrerinbeiruthisbollahkuendigtvergeltunganhtml','httpswwwhandelsblattcombpolitikbinternationalisraelkriegtodvonhamasanfuehrerinbeiruthisbollahkuendigtvergeltunganhtml',2),('tag:google.com,2013:googlealerts/feed:4166826411373286411','... <b>ekonomi</b>. &quot;perang dagang, perang teknologi, pemutusan rantai pasok dan industri, atau segala hal yang berupaya mempolitisasi isu perdagangan, dapat&nbsp;...',' bekonomib quotperang dagang perang teknologi pemutusan rantai pasok dan industri atau segala hal yang berupaya mempolitisasi isu perdagangan dapatnbsp',' bekonomib quotperang dagang perang teknologi pemutusan rantai pasok dan industri atau segala hal yang berupaya mempolitisasi isu perdagangan dapatnbsp',' bekonomib quotperang dagang perang teknologi pemutusan rantai pasok industri berupaya mempolitisasi isu perdagangan dapatnbsp','bekonomib quotperang dagang perang teknologi putus rantai pasok industri upaya politisasi isu dagang dapatnbsp','bekonomib, quotperang, dagang, perang, teknologi, putus, rantai, pasok, industri, upaya, politisasi, isu, dagang, dapatnbsp','bekonomib quotperang dagang perang teknologi putus rantai pasok industri upaya politisasi isu dagang dapatnbsp',1),('tag:google.com,2013:googlealerts/feed:430111872656107037','one year ago, rishi sunak made five pledges for voters to judge him on. the prime minister met his pledge to halve inflation by the end of 2023,&nbsp;...','one year ago rishi sunak made five pledges for voters to judge him on the prime minister met his pledge to halve inflation by the end of nbsp','one year ago rishi sunak made five pledges for voters to judge him on the prime minister met his pledge to halve inflation by the end of nbsp','one year ago rishi sunak made five pledges for voters to judge him on the prime minister met his pledge to halve inflation by the end of nbsp','one year ago rishi sunak made five pledges for voters to judge him on the prime mister met his pledge to halve inflation by the end of nbsp','one, year, ago, rishi, sunak, made, five, pledges, for, voters, to, judge, him, on, the, prime, mister, met, his, pledge, to, halve, inflation, by, the, end, of, nbsp','one year ago rishi sunak made five pledges for voters to judge him on the prime mister met his pledge to halve inflation by the end of nbsp',2),('tag:google.com,2013:googlealerts/feed:4512246209348193953','berita <b>kompas</b> tv - sumbar, <b>kompas</b>.tv - capres nomor urut satu berkampanye di sumatera barat, yang dalam dua periode pilpres diklaim sebagai basis&nbsp;...','berita bkompasb tv  sumbar bkompasbtv  capres nomor urut satu berkampanye di sumatera barat yang dalam dua periode pilpres diklaim sebagai basisnbsp','berita bkompasb tv  sumbar bkompasbtv  capres nomer\r urut satu berkampanye di sumatera barat yang dalam dua periode pilpres diklaim sebagai basisnbsp','berita bkompasb tv  sumbar bkompasbtv  capres nomer\r urut satu berkampanye sumatera barat dua periode pilpres diklaim basisnbsp','berita bkompasb tv sumbar bkompasbtv capres nomer urut satu kampanye sumatera barat dua periode pilpres klaim basisnbsp','berita, bkompasb, tv, sumbar, bkompasbtv, capres, nomer, urut, satu, kampanye, sumatera, barat, dua, periode, pilpres, klaim, basisnbsp','berita bkompasb tv sumbar bkompasbtv capres nomer urut satu kampanye sumatera barat dua periode pilpres klaim basisnbsp',NULL),('tag:google.com,2013:googlealerts/feed:5010375844499837773','tiga pelaku pengedar uang palsu di wilayah kecamatan sumur, kabupaten pandeglang, banten, ditangkap polisi. selain pelaku, polisi juga turut&nbsp;...','tiga pelaku pengedar uang palsu di wilayah kecamatan sumur kabupaten pandeglang banten ditangkap polisi selain pelaku polisi juga turutnbsp','tiga pelaku pengedar uang palsu di wilayah kecamatan sumur kabupaten pandeglang banten ditangkap polisi selain pelaku polisi juga turutnbsp','tiga pelaku pengedar uang palsu wilayah kecamatan sumur kabupaten pandeglang banten ditangkap polisi pelaku polisi turutnbsp','tiga laku edar uang palsu wilayah camat sumur kabupaten pandeglang banten tangkap polisi laku polisi turutnbsp','tiga, laku, edar, uang, palsu, wilayah, camat, sumur, kabupaten, pandeglang, banten, tangkap, polisi, laku, polisi, turutnbsp','tiga laku edar uang palsu wilayah camat sumur kabupaten pandeglang banten tangkap polisi laku polisi turutnbsp',NULL),('tag:google.com,2013:googlealerts/feed:5185001811237640502','api berkobar dan menghanguskan mes karyawan gudang kayu yang terletak di jalan youmake, kabupaten jayapura, papua, pada selasa (02/01/2024) malam.','api berkobar dan menghanguskan mes karyawan gudang kayu yang terletak di jalan youmake kabupaten jayapura papua pada selasa  malam','api berkobar dan menghanguskan mes karyawan gudang kayu yang terletak di jalan youmake kabupaten jayapura papua pada selasa  malam','api berkobar menghanguskan mes karyawan gudang kayu terletak jalan youmake kabupaten jayapura papua selasa  malam','api kobar hangus mes karyawan gudang kayu letak jalan youmake kabupaten jayapura papua selasa malam','api, kobar, hangus, mes, karyawan, gudang, kayu, letak, jalan, youmake, kabupaten, jayapura, papua, selasa, malam','api kobar hangus mes karyawan gudang kayu letak jalan youmake kabupaten jayapura papua selasa malam',NULL),('tag:google.com,2013:googlealerts/feed:5433869041937660755','adapun odyssey oled g9, yang berukuran 49 inci, melengkung, memiliki kecepatan refresh 240hz, dan aspek rasio 32:9 dengan resolusi 5.120 x 1.440. tidak ada opsi 1440p 32 inci, seperti yang sebelumnya ditawarkan samsung dengan odyssey g7.','adapun odyssey oled g yang berukuran  inci melengkung memiliki kecepatan refresh hz dan aspek rasio  dengan resolusi  x  tidak ada opsi p  inci seperti yang sebelumnya ditawarkan samsung dengan odyssey g','adapun odyssey oled g yang berukuran  inci melengkung memiliki kecepatan refresh hz dan aspek rasio  dengan resolusi  x  tidak ada opsi p  inci seperti yang sebelumnya ditawarkan samsung dengan odyssey g','odyssey oled g berukuran  inci melengkung memiliki kecepatan refresh hz aspek rasio  resolusi  x  opsi p  inci ditawarkan samsung odyssey g','odyssey oled g ukur inci lengkung milik cepat refresh hz aspek rasio resolusi x opsi p inci tawar samsung odyssey g','odyssey, oled, g, ukur, inci, lengkung, milik, cepat, refresh, hz, aspek, rasio, resolusi, x, opsi, p, inci, tawar, samsung, odyssey, g','odyssey oled g ukur inci lengkung milik cepat refresh hz aspek rasio resolusi x opsi p inci tawar samsung odyssey g',3),('tag:google.com,2013:googlealerts/feed:561894265987126760','diperkirakan bahwa perangkat layar lipat dari apple akan diberi nama iphone flip. prediksi mengenai peluncuran ini telah muncul sejak tahun 2023, dan analis terkenal, ming-chi kuo, telah mengungkapkan informasi ini.','diperkirakan bahwa perangkat layar lipat dari apple akan diberi nama iphone flip prediksi mengenai peluncuran ini telah muncul sejak tahun  dan analis terkenal mingchi kuo telah mengungkapkan informasi ini','diperkirakan bahwa perangkat layar lipat dari apple akan diberi nama iphone flip prediksi mengenai peluncuran ini telah muncul sejak tahun  dan analis terkenal mingchi kuo telah mengungkapkan informasi ini','diperkirakan perangkat layar lipat apple diberi nama iphone flip prediksi mengenai peluncuran muncul tahun  analis terkenal mingchi kuo mengungkapkan informasi','kira perangkat layar lipat apple beri nama iphone flip prediksi kena luncur muncul tahun analis kenal mingchi kuo ungkap informasi','kira, perangkat, layar, lipat, apple, beri, nama, iphone, flip, prediksi, kena, luncur, muncul, tahun, analis, kenal, mingchi, kuo, ungkap, informasi','kira perangkat layar lipat apple beri nama iphone flip prediksi kena luncur muncul tahun analis kenal mingchi kuo ungkap informasi',3),('tag:google.com,2013:googlealerts/feed:6091255477797615974','antariksa -- menjelang akhir tahun 2023, pesawat ruang angkasa juno milik nasa berhasil mencapai bulan io yang mengorbit jupiter. pencapaian terdekat dengan bulan vulkanik itu terjadi selama juno melakukan terbang lintas jupiter untuk ke-57 kalinya.','antariksa  menjelang akhir tahun  pesawat ruang angkasa juno milik nasa berhasil mencapai bulan io yang mengorbit jupiter pencapaian terdekat dengan bulan vulkanik itu terjadi selama juno melakukan terbang lintas jupiter untuk ke kalinya','antariksa  menjelang akhir tahun  pesawat ruang angkasa juno milik nasa berhasil mencapek\r bulan io yang mengorbit jupiter pencapaian terdekat dengan bulan vulkanik itu terjadi selama juno melakukan terbang lintas jupiter untuk ke kalinya','antariksa  menjelang akhir tahun  pesawat ruang angkasa juno nasa berhasil mencapek\r bulan io mengorbit jupiter pencapaian terdekat bulan vulkanik terjadi juno melakukan terbang lintas jupiter kalinya','antariksa jelang akhir tahun pesawat ruang angkasa juno nasa hasil capek bulan io orbit jupiter capai dekat bulan vulkanik jadi juno laku terbang lintas jupiter kali','antariksa, jelang, akhir, tahun, pesawat, ruang, angkasa, juno, nasa, hasil, capek, bulan, io, orbit, jupiter, capai, dekat, bulan, vulkanik, jadi, juno, laku, terbang, lintas, jupiter, kali','antariksa jelang akhir tahun pesawat ruang angkasa juno nasa hasil capek bulan io orbit jupiter capai dekat bulan vulkanik jadi juno laku terbang lintas jupiter kali',3),('tag:google.com,2013:googlealerts/feed:6413371316459827941','pemerintah menarik utang lebih banyak di bawah donald trump dan joe biden untuk menstabilkan <b>ekonomi</b> dan mendukung pemulihan. namun, pemulihan&nbsp;...','pemerintah menarik utang lebih banyak di bawah donald trump dan joe biden untuk menstabilkan bekonomib dan mendukung pemulihan namun pemulihannbsp','pemerintah menarik hutang\r lebih banyak di bawah donald trump dan joe biden untuk menstabilkan bekonomib dan mendukung pemulihan namun pemulihannbsp','pemerintah menarik hutang\r bawah donald trump joe biden menstabilkan bekonomib mendukung pemulihan pemulihannbsp','perintah tarik hutang bawah donald trump joe biden stabil bekonomib dukung pulih pemulihannbsp','perintah, tarik, hutang, bawah, donald, trump, joe, biden, stabil, bekonomib, dukung, pulih, pemulihannbsp','perintah tarik hutang bawah donald trump joe biden stabil bekonomib dukung pulih pemulihannbsp',1),('tag:google.com,2013:googlealerts/feed:6860484984464667767','di tahun politik yang memunculkan kegamangan, sentimen pasar modal sangat positif. prospek kinerja bursa terus membaik.','di tahun politik yang memunculkan kegamangan sentimen pasar modal sangat positif prospek kinerja bursa terus membaik','di tahun politik yang memunculkan kegamangan sentimen pasar modal sangat positif prospek kinerja bursa terus membaik','tahun politik memunculkan kegamangan sentimen pasar modal positif prospek kinerja bursa membaik','tahun politik muncul gamang sentimen pasar modal positif prospek kerja bursa baik','tahun, politik, muncul, gamang, sentimen, pasar, modal, positif, prospek, kerja, bursa, baik','tahun politik muncul gamang sentimen pasar modal positif prospek kerja bursa baik',1),('tag:google.com,2013:googlealerts/feed:6917018454233192824','mehr videos unter https://www.sat1regional.de/ aus protest gegen die sparpläne der bundesregierung ruft der bauernverband ab dem 8.','mehr videos unter httpswwwsatregionalde aus protest gegen die sparplne der bundesregierung ruft der bauernverband ab dem ','mehr videos unter httpswwwsatregionalde aus protest gegen die sparplne der bundesregierung ruft der bauernverband ab dem ','mehr videos unter httpswwwsatregionalde aus protest gegen die sparplne der bundesregierung ruft der bauernverband ab dem ','mehr videos unter httpswwwsatregionalde aus protest gegen die sparplne der bundesregierung ruft der bauernverband ab dem','mehr, videos, unter, httpswwwsatregionalde, aus, protest, gegen, die, sparplne, der, bundesregierung, ruft, der, bauernverband, ab, dem','mehr videos unter httpswwwsatregionalde aus protest gegen die sparplne der bundesregierung ruft der bauernverband ab dem',2),('tag:google.com,2013:googlealerts/feed:6959891550556783057','menteri pertahanan prabowo subianto melayat ke rumah duka rizal ramli di jalan bangka ix, jakarta selatan, rabu (3/1/2024).','menteri pertahanan prabowo subianto melayat ke rumah duka rizal ramli di jalan bangka ix jakarta selatan rabu ','mentri\r pertahanan prabowo subianto melayat ke rumah duka rizal ramli di jalan bangka ix jakarta selatan rabu ','mentri\r pertahanan prabowo subianto melayat rumah duka rizal ramli jalan bangka ix jakarta selatan rabu ','tri tahan prabowo subianto layat rumah duka rizal ramli jalan bangka ix jakarta selatan rabu','tri, tahan, prabowo, subianto, layat, rumah, duka, rizal, ramli, jalan, bangka, ix, jakarta, selatan, rabu','tri tahan prabowo subianto layat rumah duka rizal ramli jalan bangka ix jakarta selatan rabu',NULL),('tag:google.com,2013:googlealerts/feed:7002170481182482737','gadget – smartphone saat ini telah memunculkan keunggulan khususnya dalam sektor kamera. bahkan, dapat diprediksi bahwa di masa depan, teknologi kamera pada smartphone akan melampaui perangkat kamera konvensional seperti dslr.','gadget  smartphone saat ini telah memunculkan keunggulan khususnya dalam sektor kamera bahkan dapat diprediksi bahwa di masa depan teknologi kamera pada smartphone akan melampaui perangkat kamera konvensional seperti dslr','gadget  smartphone saat ini telah memunculkan keunggulan khususnya dalam sektor kamera bahkan dapat diprediksi bahwa di masa depan teknologi kamera pada smartphone akan melampaui perangkat kamera konvensional seperti dslr','gadget  smartphone memunculkan keunggulan sektor kamera diprediksi masa teknologi kamera smartphone melampaui perangkat kamera konvensional dslr','gadget smartphone muncul unggul sektor kamera prediksi masa teknologi kamera smartphone lampau perangkat kamera konvensional dslr','gadget, smartphone, muncul, unggul, sektor, kamera, prediksi, masa, teknologi, kamera, smartphone, lampau, perangkat, kamera, konvensional, dslr','gadget smartphone muncul unggul sektor kamera prediksi masa teknologi kamera smartphone lampau perangkat kamera konvensional dslr',3),('tag:google.com,2013:googlealerts/feed:7172079669574908289','<b>politik</b>; antisemitismus-vorwurf ... claudine gay entschuldigte sich später für ihre aussage. teller und rand – der podcast zu internationaler <b>politik</b>.','bpolitikb antisemitismusvorwurf  claudine gay entschuldigte sich spter fr ihre aussage teller und rand  der podcast zu internationaler bpolitikb','bpolitikb antisemitismusvorwurf  claudine gay entschuldigte sich spter fr ihre aussage teller und rand  der podcast zu internationaler bpolitikb','bpolitikb antisemitismusvorwurf  claudine gay entschuldigte sich spter fr ihre aussage teller und rand  der podcast zu internationaler bpolitikb','bpolitikb antisemitismusvorwurf claudine gay entschuldigte sich spter fr ihre aussage teller und rand der podcast zu internationaler bpolitikb','bpolitikb, antisemitismusvorwurf, claudine, gay, entschuldigte, sich, spter, fr, ihre, aussage, teller, und, rand, der, podcast, zu, internationaler, bpolitikb','bpolitikb antisemitismusvorwurf claudine gay entschuldigte sich spter fr ihre aussage teller und rand der podcast zu internationaler bpolitikb',2),('tag:google.com,2013:googlealerts/feed:7596115707841694787','january 26, 2023. congratulations to our 2021/22 undergraduate award &amp; scholarship recipients! following a two-year hiatus, the department was&nbsp;...','january   congratulations to our  undergraduate award amp scholarship recipients following a twoyear hiatus the department wasnbsp','january   congratulations to our  undergraduate award amp scholarship recipients following a twoyear hiatus the department wasnbsp','january   congratulations to our  undergraduate award amp scholarship recipients following a twoyear hiatus the department wasnbsp','january congratulations to our undergraduate award amp scholarship recipients following a twoyear hiatus the department wasnbsp','january, congratulations, to, our, undergraduate, award, amp, scholarship, recipients, following, a, twoyear, hiatus, the, department, wasnbsp','january congratulations to our undergraduate award amp scholarship recipients following a twoyear hiatus the department wasnbsp',2),('tag:google.com,2013:googlealerts/feed:7713345048630266183','indonesia&#39;s political indicator (indikator <b>politik</b> indonesia) released its latest survey post-vice presidential debate. read more. recomended news.','indonesias political indicator indikator bpolitikb indonesia released its latest survey postvice presidential debate read more recomended news','indonesias political indicator indikator bpolitikb indonesia released its latest survey postvice presidential debate read more recomended news','indonesias political indicator indikator bpolitikb indonesia released its latest survey postvice presidential debate read more recomended news','indonesias political indicator indikator bpolitikb indonesia released its latest survey postvice presidential debate read more recomended news','indonesias, political, indicator, indikator, bpolitikb, indonesia, released, its, latest, survey, postvice, presidential, debate, read, more, recomended, news','indonesias political indicator indikator bpolitikb indonesia released its latest survey postvice presidential debate read more recomended news',2),('tag:google.com,2013:googlealerts/feed:8500847690277173266','adapun pada layar dot drop 6,74 inci beresolusi 1600x720 piksel, kerapatan 260 ppi dan mendukung penggunaan fitur mode baca. pada bagian layar, xiaomi redmi 13c menggunakan fitur peredup dc dan pelindung dari corning gorilla ...','adapun pada layar dot drop  inci beresolusi x piksel kerapatan  ppi dan mendukung penggunaan fitur mode baca pada bagian layar xiaomi redmi c menggunakan fitur peredup dc dan pelindung dari corning gorilla','adapun pada layar dot drop  inci beresolusi x piksel kerapatan  ppi dan mendukung penggunaan fitur mode baca pada bagian layar xiaomi redmi c menggunakan fitur peredup dc dan pelindung dari corning gorilla','layar dot drop  inci beresolusi x piksel kerapatan  ppi mendukung penggunaan fitur mode baca bagian layar xiaomi redmi c menggunakan fitur peredup dc pelindung corning gorilla','layar dot drop inci resolusi x piksel rapat ppi dukung guna fitur mode baca bagi layar xiaomi redmi c guna fitur redup dc lindung corning gorilla','layar, dot, drop, inci, resolusi, x, piksel, rapat, ppi, dukung, guna, fitur, mode, baca, bagi, layar, xiaomi, redmi, c, guna, fitur, redup, dc, lindung, corning, gorilla','layar dot drop inci resolusi x piksel rapat ppi dukung guna fitur mode baca bagi layar xiaomi redmi c guna fitur redup dc lindung corning gorilla',3),('tag:google.com,2013:googlealerts/feed:8502894896674163324','... bauer macht harte ansage an die ampel regierung  . <b>politik</b> perspektiven new 52k views &middot; 11:37 &middot; go to channel &middot; why more americans are going child&nbsp;...',' bauer macht harte ansage an die ampel regierung   bpolitikb perspektiven new k views middot  middot go to channel middot why more americans are going childnbsp',' bauer macht harte ansage an die ampel regierung   bpolitikb perspektiven new k views middot  middot go to channel middot why more americans are going childnbsp',' bauer macht harte ansage an die ampel regierung   bpolitikb perspektiven new k views middot  middot go to channel middot why more americans are going childnbsp','bauer macht harte ansage an die ampel regierung bpolitikb perspektiven new k views middot middot go to channel middot why more americans are going childnbsp','bauer, macht, harte, ansage, an, die, ampel, regierung, bpolitikb, perspektiven, new, k, views, middot, middot, go, to, channel, middot, why, more, americans, are, going, childnbsp','bauer macht harte ansage an die ampel regierung bpolitikb perspektiven new k views middot middot go to channel middot why more americans are going childnbsp',2),('tag:google.com,2013:googlealerts/feed:8587646006043210372','&quot;pemerintah memperkirakan pertumbuhan <b>ekonomi</b> indonesia tahun 2023 tumbuh 5,1 persen dan tahun 2024 sebesar 5,2 persen, sedangkan bank indonesia&nbsp;...','quotpemerintah memperkirakan pertumbuhan bekonomib indonesia tahun  tumbuh  persen dan tahun  sebesar  persen sedangkan bank indonesianbsp','quotpemerintah memperkirakan pertumbuhan bekonomib indonesia tahun  tumbuh  persen dan tahun  sebesar  persen sedangkan bank indonesianbsp','quotpemerintah memperkirakan pertumbuhan bekonomib indonesia tahun  tumbuh  persen tahun  sebesar  persen bank indonesianbsp','quotpemerintah kira tumbuh bekonomib indonesia tahun tumbuh persen tahun besar persen bank indonesianbsp','quotpemerintah, kira, tumbuh, bekonomib, indonesia, tahun, tumbuh, persen, tahun, besar, persen, bank, indonesianbsp','quotpemerintah kira tumbuh bekonomib indonesia tahun tumbuh persen tahun besar persen bank indonesianbsp',1),('tag:google.com,2013:googlealerts/feed:8947712412927595731','... <b>politik</b> perlu sepakat demi pembangunan negeri, kata hajiji. 29 dec 2023, 10:00pm. most viewed last 2 days. ex-pm, 2 former aides to be summoned by&nbsp;...',' bpolitikb perlu sepakat demi pembangunan negeri kata hajiji  dec  pm most viewed last  days expm  former aides to be summoned bynbsp',' bpolitikb perlu sepakat demi pembangunan negri\r kata hajiji  dec  pm most viewed last  days expm  former aides to be summoned bynbsp',' bpolitikb perlu sepakat pembangunan negri\r hajiji  dec  pm most viewed last  days expm  former aides to be summoned bynbsp','bpolitikb perlu sepakat bangun negri hajiji dec pm most viewed last days expm former aides to be summoned bynbsp','bpolitikb, perlu, sepakat, bangun, negri, hajiji, dec, pm, most, viewed, last, days, expm, former, aides, to, be, summoned, bynbsp','bpolitikb perlu sepakat bangun negri hajiji dec pm most viewed last days expm former aides to be summoned bynbsp',2),('tag:google.com,2013:googlealerts/feed:90447184752438419','\"galaxy unpacked 18 januari 2024 | 1am wib. dapatkan samsung care+ selama 1 tahun senilai hingga rp 1.6 juta saat melakukan pre-order,\" demikian yang tertulis di laman resmi samsung.','galaxy unpacked  januari   am wib dapatkan samsung care selama  tahun senilai hingga rp  juta saat melakukan preorder demikian yang tertulis di laman resmi samsung','galaxy unpacked  januari   am wib dapatkan samsung care selama  tahun senilai hingga rp  juta saat melakukan preorder demikian yang tertulis di laman resmi samsung','galaxy unpacked  januari   am wib dapatkan samsung care  tahun senilai rp  juta melakukan preorder tertulis laman resmi samsung','galaxy unpacked januari am wib dapat samsung care tahun nila rp juta laku preorder tulis laman resmi samsung','galaxy, unpacked, januari, am, wib, dapat, samsung, care, tahun, nila, rp, juta, laku, preorder, tulis, laman, resmi, samsung','galaxy unpacked januari am wib dapat samsung care tahun nila rp juta laku preorder tulis laman resmi samsung',3),('tag:google.com,2013:googlealerts/feed:9251607338483815577','unhcr menyebut alasannya karena para pengungsi rohingya tidak bisa mengingat tanggal lahir dan tidak memiliki dokumen pendukung.','unhcr menyebut alasannya karena para pengungsi rohingya tidak bisa mengingat tanggal lahir dan tidak memiliki dokumen pendukung','unhcr menyebut alasannya karna?\r para pengungsi rohingya tidak bisa mengingat tanggal lahir dan tidak memiliki dokumen pendukung','unhcr menyebut alasannya karna?\r pengungsi rohingya mengingat tanggal lahir memiliki dokumen pendukung','unhcr sebut alas karna ungsi rohingya ingat tanggal lahir milik dokumen dukung','unhcr, sebut, alas, karna, ungsi, rohingya, ingat, tanggal, lahir, milik, dokumen, dukung','unhcr sebut alas karna ungsi rohingya ingat tanggal lahir milik dokumen dukung',NULL),('tag:google.com,2013:googlealerts/feed:9372735250513164527','hal ini terlihat dari banyaknya potensi <b>ekonomi</b> yang bisa digerakan untuk meningkatkan kesejahteraan masyarakat. diaspora indonesia di iran, mursyid&nbsp;...','hal ini terlihat dari banyaknya potensi bekonomib yang bisa digerakan untuk meningkatkan kesejahteraan masyarakat diaspora indonesia di iran mursyidnbsp','hal ini terlihat dari banyaknya potensi bekonomib yang bisa digerakan untuk meningkatkan kesejahteraan masyarakat diaspora indonesia di iran mursyidnbsp','terlihat banyaknya potensi bekonomib digerakan meningkatkan kesejahteraan masyarakat diaspora indonesia iran mursyidnbsp','lihat banyak potensi bekonomib gera tingkat sejahtera masyarakat diaspora indonesia iran mursyidnbsp','lihat, banyak, potensi, bekonomib, gera, tingkat, sejahtera, masyarakat, diaspora, indonesia, iran, mursyidnbsp','lihat banyak potensi bekonomib gera tingkat sejahtera masyarakat diaspora indonesia iran mursyidnbsp',1),('tag:google.com,2013:googlealerts/feed:9601828899627490026','google drive menyediakan aplikasi pengeditan dokumen online seperti google docs, google sheets, dan google slides. pengguna dapat membuat, mengedit, dan berbagi dokumen teks, spreadsheet, dan presentasi tanpa perlu mengunduh atau menginstal perangkat luna','google drive menyediakan aplikasi pengeditan dokumen online seperti google docs google sheets dan google slides pengguna dapat membuat mengedit dan berbagi dokumen teks spreadsheet dan presentasi tanpa perlu mengunduh atau menginstal perangkat luna','google drive menyediakan aplikasi pengeditan dokumen online seperti google docs google sheets dan google slides pengguna dapat membuat mengedit dan berbagi dokumen teks spreadsheet dan presentasi tanpa perlu mengunduh atau menginstal perangkat luna','google drive menyediakan aplikasi pengeditan dokumen online google docs google sheets google slides pengguna membuat mengedit berbagi dokumen teks spreadsheet presentasi perlu mengunduh menginstal perangkat luna','google drive sedia aplikasi edit dokumen online google docs google sheets google slides guna buat edit bagi dokumen teks spreadsheet presentasi perlu unduh menginstal perangkat luna','google, drive, sedia, aplikasi, edit, dokumen, online, google, docs, google, sheets, google, slides, guna, buat, edit, bagi, dokumen, teks, spreadsheet, presentasi, perlu, unduh, menginstal, perangkat, luna','google drive sedia aplikasi edit dokumen online google docs google sheets google slides guna buat edit bagi dokumen teks spreadsheet presentasi perlu unduh menginstal perangkat luna',3);

#
# Structure for table "probabilitas_kata_2211501388"
#

DROP TABLE IF EXISTS `probabilitas_kata_2211501388`;
CREATE TABLE `probabilitas_kata_2211501388` (
  `kata` varchar(100) NOT NULL,
  `id_kategori` int(11) NOT NULL,
  `jml_data` int(11) DEFAULT 0,
  `nilai_probabilitas` float(10,10) DEFAULT 0.0000000000
) ENGINE=InnoDB DEFAULT CHARSET=utf8mb4 COLLATE=utf8mb4_general_ci;

#
# Data for table "probabilitas_kata_2211501388"
#

INSERT INTO `probabilitas_kata_2211501388` VALUES ('pasang',3,0,0.0007698229),('caprescawapres',1,2,0.0028248588),('caprescawapres',2,0,0.0009680542),('caprescawapres',3,0,0.0007698229),('bekonomib',1,35,0.0338983051),('aniesnbsp',1,2,0.0028248588),('bekonomib',2,0,0.0009680542),('aniesnbsp',2,0,0.0009680542),('bekonomib',3,0,0.0007698229),('aniesnbsp',3,0,0.0007698229),('masyarakat',1,4,0.0047080978),('masyarakat',2,0,0.0009680542),('internasional',1,2,0.0028248588),('masyarakat',3,0,0.0007698229),('internasional',2,0,0.0009680542),('internasional',3,1,0.0015396459),('tempat',1,1,0.0018832393),('tempat',2,0,0.0009680542),('jaga',1,2,0.0028248588),('tempat',3,0,0.0007698229),('jaga',2,0,0.0009680542),('jaga',3,0,0.0007698229),('hari',1,1,0.0018832393),('hari',2,0,0.0009680542),('momentum',1,2,0.0028248588),('hari',3,0,0.0007698229),('momentum',2,0,0.0009680542),('momentum',3,0,0.0007698229),('unjung',1,1,0.0018832393),('unjung',2,0,0.0009680542),('tumbuh',1,12,0.0122410543),('unjung',3,0,0.0007698229),('tumbuh',2,0,0.0009680542),('tumbuh',3,0,0.0007698229),('terna',1,1,0.0018832393),('terna',2,0,0.0009680542),('terna',3,0,0.0007698229),('tengah',1,2,0.0028248588),('tengah',2,0,0.0009680542),('ayam',1,1,0.0018832393),('tengah',3,0,0.0007698229),('ayam',2,0,0.0009680542),('ayam',3,0,0.0007698229),('tidak',1,2,0.0028248588),('tidak',2,0,0.0009680542),('telur',1,1,0.0018832393),('tidak',3,0,0.0007698229),('telur',2,0,0.0009680542),('telur',3,0,0.0007698229),('pasti',1,2,0.0028248588),('pasti',2,0,0.0009680542),('unit',1,1,0.0018832393),('pasti',3,0,0.0007698229),('unit',2,0,0.0009680542),('unit',3,0,0.0007698229),('global',1,3,0.0037664783),('usaha',1,1,0.0018832393),('global',2,0,0.0009680542),('usaha',2,0,0.0009680542),('global',3,0,0.0007698229),('usaha',3,2,0.0023094688),('strategi',1,5,0.0056497175),('mebel',1,1,0.0018832393),('strategi',2,0,0.0009680542),('mebel',2,0,0.0009680542),('strategi',3,0,0.0007698229),('mebel',3,0,0.0007698229),('pekon',1,1,0.0018832393),('politik',1,4,0.0047080978),('pekon',2,0,0.0009680542),('politik',2,0,0.0009680542),('pekon',3,0,0.0007698229),('politik',3,0,0.0007698229),('mungkinnbsp',1,2,0.0028248588),('mataram',1,1,0.0018832393),('mungkinnbsp',2,0,0.0009680542),('mataram',2,0,0.0009680542),('mungkinnbsp',3,0,0.0007698229),('mataram',3,0,0.0007698229),('bekonomibnegara',1,2,0.0028248588),('kecamatannbsp',1,1,0.0018832393),('bekonomibnegara',2,0,0.0009680542),('kecamatannbsp',2,0,0.0009680542),('bekonomibnegara',3,0,0.0007698229),('kecamatannbsp',3,0,0.0007698229),('artikel',1,2,0.0028248588),('wwwzeitdebpolitikbauslandfriedensnobelpreistraegermuhammadyunushaftstrafebangladesch',1,0,0.0009416196),('artikel',2,0,0.0009680542),('wwwzeitdebpolitikbauslandfriedensnobelpreistraegermuhammadyunushaftstrafebangladesch',2,1,0.0019361085),('artikel',3,0,0.0007698229),('wwwzeitdebpolitikbauslandfriedensnobelpreistraegermuhammadyunushaftstrafebangladesch',3,0,0.0007698229),('lihat',1,4,0.0047080978),('hinweis',1,0,0.0009416196),('lihat',2,0,0.0009680542),('hinweis',2,1,0.0019361085),('lihat',3,0,0.0007698229),('hinweis',3,0,0.0007698229),('httpsvideokompascomwatchbiayaperangisraeldigazacapairptriliunbebaninbsp',1,2,0.0028248588),('dieses',1,0,0.0009416196),('httpsvideokompascomwatchbiayaperangisraeldigazacapairptriliunbebaninbsp',2,0,0.0009680542),('dieses',2,1,0.0019361085),('httpsvideokompascomwatchbiayaperangisraeldigazacapairptriliunbebaninbsp',3,0,0.0007698229),('dieses',3,0,0.0007698229),('gratis',1,0,0.0009416196),('video',1,0,0.0009416196),('gratis',2,0,0.0009680542),('video',2,1,0.0019361085),('video',3,4,0.0038491148),('gratis',3,2,0.0023094688),('ist',1,0,0.0009416196),('simpan',1,0,0.0009416196),('ist',2,1,0.0019361085),('simpan',2,0,0.0009680542),('ist',3,0,0.0007698229),('simpan',3,2,0.0023094688),('teil',1,0,0.0009416196),('download',1,0,0.0009416196),('teil',2,1,0.0019361085),('download',2,0,0.0009680542),('teil',3,0,0.0007698229),('download',3,2,0.0023094688),('desnbsp',1,0,0.0009416196),('desnbsp',2,1,0.0019361085),('tiktok',1,0,0.0009416196),('desnbsp',3,0,0.0007698229),('tiktok',2,0,0.0009680542),('tiktok',3,4,0.0038491148),('jakarta',1,1,0.0018832393),('jakarta',2,0,0.0009680542),('lucu',1,0,0.0009416196),('jakarta',3,0,0.0007698229),('lucu',2,0,0.0009680542),('lucu',3,4,0.0038491148),('ketua',1,2,0.0028248588),('ketua',2,1,0.0019361085),('insipiratif',1,0,0.0009416196),('ketua',3,0,0.0007698229),('insipiratif',2,0,0.0009680542),('insipiratif',3,2,0.0023094688),('dewan',1,1,0.0018832393),('dewan',2,0,0.0009680542),('cara',1,1,0.0018832393),('dewan',3,0,0.0007698229),('cara',2,0,0.0009680542),('cara',3,3,0.0030792919),('komisioner',1,1,0.0018832393),('komisioner',2,0,0.0009680542),('aman',1,0,0.0009416196),('komisioner',3,0,0.0007698229),('aman',2,0,0.0009680542),('aman',3,3,0.0030792919),('otoritas',1,1,0.0018832393),('otoritas',2,0,0.0009680542),('legal',1,0,0.0009416196),('otoritas',3,0,0.0007698229),('legal',2,0,0.0009680542),('legal',3,2,0.0023094688),('jasa',1,1,0.0018832393),('jasa',2,0,0.0009680542),('jasa',3,0,0.0007698229),('guna',1,2,0.0028248588),('guna',2,0,0.0009680542),('uang',1,1,0.0018832393),('guna',3,14,0.0115473438),('uang',2,0,0.0009680542),('uang',3,0,0.0007698229),('temu',1,0,0.0009416196),('temu',2,0,0.0009680542),('ojk',1,1,0.0018832393),('temu',3,2,0.0023094688),('ojk',2,0,0.0009680542),('ojk',3,0,0.0007698229),('mahendra',1,1,0.0018832393),('mahendra',2,0,0.0009680542),('sedih',1,0,0.0009416196),('mahendra',3,0,0.0007698229),('sedih',2,0,0.0009680542),('sedih',3,2,0.0023094688),('siregar',1,1,0.0018832393),('siregar',2,0,0.0009680542),('inspiratif',1,0,0.0009416196),('siregar',3,0,0.0007698229),('inspiratif',2,0,0.0009680542),('inspiratif',3,2,0.0023094688),('kata',1,1,0.0018832393),('kata',2,0,0.0009680542),('bagi',1,0,0.0009416196),('kata',3,1,0.0015396459),('bagi',2,0,0.0009680542),('bagi',3,8,0.0069284067),('stabilitas',1,1,0.0018832393),('stabilitas',2,0,0.0009680542),('temanteman',1,0,0.0009416196),('stabilitas',3,0,0.0007698229),('temanteman',2,0,0.0009680542),('temanteman',3,2,0.0023094688),('ekonomi',1,1,0.0018832393),('ekonomi',2,0,0.0009680542),('kena',1,0,0.0009416196),('ekonomi',3,0,0.0007698229),('kena',2,0,0.0009680542),('kena',3,4,0.0038491148),('tingkat',1,7,0.0075329565),('tingkat',2,0,0.0009680542),('spesifikasi',1,0,0.0009416196),('tingkat',3,1,0.0015396459),('spesifikasi',2,0,0.0009680542),('spesifikasi',3,3,0.0030792919),('berpeluangnbsp',1,1,0.0018832393),('tecno',1,0,0.0009416196),('berpeluangnbsp',2,0,0.0009680542),('tecno',2,0,0.0009680542),('berpeluangnbsp',3,0,0.0007698229),('tecno',3,2,0.0023094688),('gb',1,0,0.0009416196),('spark',1,0,0.0009416196),('gb',2,0,0.0009680542),('spark',2,0,0.0009680542),('gb',3,3,0.0030792919),('spark',3,2,0.0023094688),('wa',1,0,0.0009416196),('pro',1,0,0.0009416196),('wa',2,0,0.0009680542),('pro',2,0,0.0009680542),('wa',3,1,0.0015396459),('pro',3,3,0.0030792919),('plus',1,0,0.0009416196),('whatsapp',1,0,0.0009416196),('plus',2,0,0.0009680542),('whatsapp',2,0,0.0009680542),('plus',3,2,0.0023094688),('whatsapp',3,1,0.0015396459),('ponsel',1,0,0.0009416196),('ponsel',2,0,0.0009680542),('aero',1,0,0.0009416196),('ponsel',3,2,0.0023094688),('aero',2,0,0.0009680542),('aero',3,1,0.0015396459),('datang',1,0,0.0009416196),('datang',2,0,0.0009680542),('apk',1,0,0.0009416196),('datang',3,2,0.0023094688),('apk',2,0,0.0009680542),('apk',3,1,0.0015396459),('kamera',1,0,0.0009416196),('kamera',2,0,0.0009680542),('buat',1,0,0.0009416196),('kamera',3,10,0.0084680524),('buat',2,0,0.0009680542),('buat',3,3,0.0030792919),('utama',1,0,0.0009416196),('utama',2,0,0.0009680542),('pihak',1,0,0.0009416196),('utama',3,2,0.0023094688),('pihak',2,0,0.0009680542),('pihak',3,2,0.0023094688),('mp',1,0,0.0009416196),('mp',2,0,0.0009680542),('tiga',1,0,0.0009416196),('mp',3,2,0.0023094688),('tiga',2,0,0.0009680542),('tiga',3,1,0.0015396459),('mampu',1,0,0.0009416196),('mampu',2,0,0.0009680542),('resiko',1,0,0.0009416196),('mampu',3,2,0.0023094688),('resiko',2,0,0.0009680542),('resiko',3,1,0.0015396459),('x',1,0,0.0009416196),('x',2,0,0.0009680542),('virus',1,0,0.0009416196),('x',3,8,0.0069284067),('virus',2,0,0.0009680542),('virus',3,1,0.0015396459),('lossless',1,0,0.0009416196),('lossless',2,0,0.0009680542),('bahaya',1,0,0.0009416196),('lossless',3,2,0.0023094688),('bahaya',2,0,0.0009680542),('bahaya',3,1,0.0015396459),('zoom',1,0,0.0009416196),('zoom',2,0,0.0009680542),('malware',1,0,0.0009416196),('zoom',3,4,0.0038491148),('malware',2,0,0.0009680542),('malware',3,1,0.0015396459),('digital',1,0,0.0009416196),('privasi',1,0,0.0009416196),('digital',2,0,0.0009680542),('privasi',2,0,0.0009680542),('digital',3,2,0.0023094688),('privasi',3,1,0.0015396459),('dapat',1,0,0.0009416196),('jamin',1,0,0.0009416196),('dapat',2,0,0.0009680542),('jamin',2,0,0.0009680542),('dapat',3,4,0.0038491148),('jamin',3,1,0.0015396459),('sensor',1,0,0.0009416196),('karna',1,1,0.0018832393),('sensor',2,0,0.0009680542),('karna',2,0,0.0009680542),('sensor',3,2,0.0023094688),('karna',3,1,0.0015396459),('aperture',1,0,0.0009416196),('aperture',2,0,0.0009680542),('rentas',1,0,0.0009416196),('aperture',3,2,0.0023094688),('rentas',2,0,0.0009680542),('rentas',3,1,0.0015396459),('f',1,0,0.0009416196),('f',2,0,0.0009680542),('akun',1,0,0.0009416196),('f',3,2,0.0023094688),('akun',2,0,0.0009680542),('akun',3,1,0.0015396459),('photo',1,2,0.0028248588),('photo',2,0,0.0009680542),('batam',1,1,0.0018832393),('photo',3,0,0.0007698229),('batam',2,0,0.0009680542),('batam',3,0,0.0007698229),('udara',1,2,0.0028248588),('januari',1,2,0.0028248588),('udara',2,0,0.0009680542),('januari',2,0,0.0009680542),('udara',3,0,0.0007698229),('januari',3,7,0.0061585833),('kawasan',1,2,0.0028248588),('tri',1,1,0.0018832393),('kawasan',2,0,0.0009680542),('tri',2,0,0.0009680542),('kawasan',3,0,0.0007698229),('tri',3,0,0.0007698229),('hutan',1,2,0.0028248588),('pariwisata',1,2,0.0028248588),('hutan',2,0,0.0009680542),('pariwisata',2,0,0.0009680542),('hutan',3,0,0.0007698229),('pariwisata',3,0,0.0007698229),('mangrove',1,2,0.0028248588),('mangrove',2,0,0.0009680542),('kreatifkepala',1,1,0.0018832393),('mangrove',3,0,0.0007698229),('kreatifkepala',2,0,0.0009680542),('kreatifkepala',3,0,0.0007698229),('buton',1,2,0.0028248588),('buton',2,0,0.0009680542),('badan',1,1,0.0018832393),('buton',3,0,0.0007698229),('badan',2,0,0.0009680542),('badan',3,0,0.0007698229),('utara',1,2,0.0028248588),('utara',2,0,0.0009680542),('utara',3,0,0.0007698229),('kreatip',1,1,0.0018832393),('sulawesi',1,2,0.0028248588),('kreatip',2,0,0.0009680542),('sulawesi',2,0,0.0009680542),('kreatip',3,0,0.0007698229),('sulawesi',3,0,0.0007698229),('menparekrafkabaparekraf',1,1,0.0018832393),('menparekrafkabaparekraf',2,0,0.0009680542),('tenggara',1,2,0.0028248588),('menparekrafkabaparekraf',3,0,0.0007698229),('tenggara',2,0,0.0009680542),('tenggara',3,0,0.0007698229),('sandiaganbsp',1,1,0.0018832393),('sandiaganbsp',2,0,0.0009680542),('minggu',1,2,0.0028248588),('sandiaganbsp',3,0,0.0007698229),('minggu',2,0,0.0009680542),('minggu',3,0,0.0007698229),('seri',1,0,0.0009416196),('seri',2,0,0.0009680542),('potensi',1,4,0.0047080978),('seri',3,1,0.0015396459),('potensi',2,0,0.0009680542),('potensi',3,0,0.0007698229),('m',1,0,0.0009416196),('m',2,0,0.0009680542),('nilai',1,2,0.0028248588),('m',3,1,0.0015396459),('nilai',2,0,0.0009680542),('nilai',3,0,0.0007698229),('g',1,0,0.0009416196),('g',2,0,0.0009680542),('g',3,5,0.0046189376),('karbon',1,2,0.0028248588),('karbon',2,0,0.0009680542),('karbon',3,0,0.0007698229),('milik',1,0,0.0009416196),('milik',2,0,0.0009680542),('nek',1,2,0.0028248588),('milik',3,7,0.0061585833),('nek',2,0,0.0009680542),('nek',3,0,0.0007698229),('dua',1,0,0.0009416196),('indonesia',1,7,0.0075329565),('dua',2,0,0.0009680542),('indonesia',2,2,0.0029041625),('dua',3,2,0.0023094688),('indonesia',3,0,0.0007698229),('capek',1,2,0.0028248588),('resolusi',1,0,0.0009416196),('capek',2,0,0.0009680542),('resolusi',2,0,0.0009680542),('capek',3,2,0.0023094688),('resolusi',3,5,0.0046189376),('rpnbsp',1,2,0.0028248588),('k',1,0,0.0009416196),('rpnbsp',2,0,0.0009680542),('k',2,4,0.0048402711),('rpnbsp',3,0,0.0007698229),('k',3,1,0.0015396459),('nvidia',1,0,0.0009416196),('refresh',1,0,0.0009416196),('nvidia',2,0,0.0009680542),('refresh',2,0,0.0009680542),('nvidia',3,2,0.0023094688),('refresh',3,3,0.0030792919),('agenda',1,0,0.0009416196),('rate',1,0,0.0009416196),('agenda',2,0,0.0009680542),('rate',2,0,0.0009680542),('agenda',3,2,0.0023094688),('rate',3,1,0.0015396459),('preevent',1,0,0.0009416196),('hz',1,0,0.0009416196),('preevent',2,0,0.0009680542),('hz',2,0,0.0009680542),('preevent',3,2,0.0023094688),('hz',3,3,0.0030792919),('special',1,0,0.0009416196),('special',2,0,0.0009680542),('special',3,2,0.0023094688),('prosesor',1,0,0.0009416196),('prosesor',2,0,0.0009680542),('address',1,0,0.0009416196),('prosesor',3,4,0.0038491148),('address',2,0,0.0009680542),('address',3,2,0.0023094688),('alpha',1,0,0.0009416196),('alpha',2,0,0.0009680542),('alpha',3,1,0.0015396459),('barubaru',1,0,0.0009416196),('barubaru',2,0,0.0009680542),('baru',1,0,0.0009416196),('barubaru',3,2,0.0023094688),('baru',2,0,0.0009680542),('baru',3,4,0.0038491148),('ancang',1,0,0.0009416196),('lg',1,0,0.0009416196),('ancang',2,0,0.0009680542),('lg',2,0,0.0009680542),('ancang',3,2,0.0023094688),('lg',3,4,0.0038491148),('gpu',1,0,0.0009416196),('gpu',2,0,0.0009680542),('klaim',1,0,0.0009416196),('gpu',3,2,0.0023094688),('klaim',2,0,0.0009680542),('klaim',3,2,0.0023094688),('asal',1,0,0.0009416196),('asal',2,0,0.0009680542),('asal',3,2,0.0023094688),('amerika',1,0,0.0009416196),('rstungsbranche',1,0,0.0009416196),('rstungsbranche',2,1,0.0019361085),('amerika',2,0,0.0009680542),('rstungsbranche',3,0,0.0007698229),('amerika',3,2,0.0023094688),('views',1,0,0.0009416196),('serikat',1,0,0.0009416196),('views',2,4,0.0048402711),('serikat',2,0,0.0009680542),('views',3,0,0.0007698229),('serikat',3,2,0.0023094688),('hour',1,0,0.0009416196),('hour',2,1,0.0019361085),('teaser',1,0,0.0009416196),('hour',3,0,0.0007698229),('teaser',2,0,0.0009680542),('teaser',3,2,0.0023094688),('ago',1,0,0.0009416196),('ago',2,3,0.0038722169),('indikasi',1,0,0.0009416196),('ago',3,0,0.0007698229),('indikasi',2,0,0.0009680542),('indikasi',3,2,0.0023094688),('handelsblatt',1,0,0.0009416196),('handelsblatt',2,2,0.0029041625),('hadir',1,0,0.0009416196),('handelsblatt',3,0,0.0007698229),('hadir',2,0,0.0009680542),('hadir',3,2,0.0023094688),('morning',1,0,0.0009416196),('morning',2,1,0.0019361085),('model',1,0,0.0009416196),('morning',3,0,0.0007698229),('model',2,0,0.0009680542),('model',3,2,0.0023094688),('briefing',1,0,0.0009416196),('briefing',2,1,0.0019361085),('kartu',1,0,0.0009416196),('briefing',3,0,0.0007698229),('kartu',2,0,0.0009680542),('kartu',3,2,0.0023094688),('news',1,0,0.0009416196),('news',2,3,0.0038722169),('grafis',1,0,0.0009416196),('news',3,0,0.0007698229),('grafis',2,0,0.0009680542),('grafis',3,2,0.0023094688),('aus',1,0,0.0009416196),('aus',2,3,0.0038722169),('aus',3,0,0.0007698229),('keluarga',1,0,0.0009416196),('keluarga',2,0,0.0009680542),('wirtschaft',1,0,0.0009416196),('keluarga',3,2,0.0023094688),('wirtschaft',2,1,0.0019361085),('wirtschaft',3,0,0.0007698229),('rtx',1,0,0.0009416196),('rtx',2,0,0.0009680542),('bpolitikb',1,0,0.0009416196),('bpolitikb',2,13,0.0135527588),('rtx',3,2,0.0023094688),('bpolitikb',3,0,0.0007698229),('series',1,1,0.0018832393),('series',2,0,0.0009680542),('und',1,0,0.0009416196),('series',3,2,0.0023094688),('und',2,3,0.0038722169),('und',3,0,0.0007698229),('bangun',1,3,0.0037664783),('finanzen',1,0,0.0009416196),('bangun',2,2,0.0029041625),('finanzen',2,1,0.0019361085),('bangun',3,0,0.0007698229),('finanzen',3,0,0.0007698229),('fuzhou',1,2,0.0028248588),('more',1,0,0.0009416196),('fuzhou',2,0,0.0009680542),('more',2,5,0.0058083255),('fuzhou',3,0,0.0007698229),('more',3,0,0.0007698229),('tiongkok',1,2,0.0028248588),('tiongkok',2,0,0.0009680542),('rencana',1,1,0.0018832393),('tiongkok',3,0,0.0007698229),('rencana',2,0,0.0009680542),('rencana',3,0,0.0007698229),('umum',1,2,0.0028248588),('umum',2,0,0.0009680542),('anggap',1,1,0.0018832393),('umum',3,0,0.0007698229),('anggap',2,0,0.0009680542),('anggap',3,0,0.0007698229),('jumlah',1,2,0.0028248588),('jumlah',2,0,0.0009680542),('kurang',1,1,0.0018832393),('jumlah',3,0,0.0007698229),('kurang',2,0,0.0009680542),('kurang',3,0,0.0007698229),('langkah',1,2,0.0028248588),('langkah',2,0,0.0009680542),('tepat',1,1,0.0018832393),('langkah',3,0,0.0007698229),('tepat',2,0,0.0009680542),('tepat',3,1,0.0015396459),('konkret',1,2,0.0028248588),('konkret',2,0,0.0009680542),('konkret',3,0,0.0007698229),('kondisi',1,1,0.0018832393),('kondisi',2,0,0.0009680542),('enam',1,2,0.0028248588),('kondisi',3,0,0.0007698229),('enam',2,0,0.0009680542),('enam',3,0,0.0007698229),('bidang',1,2,0.0028248588),('sepenuh',1,1,0.0018832393),('bidang',2,0,0.0009680542),('sepenuh',2,0,0.0009680542),('bidang',3,0,0.0007698229),('sepenuh',3,0,0.0007698229),('pulih',1,3,0.0037664783),('pulih',2,0,0.0009680542),('dukung',1,5,0.0056497175),('pulih',3,0,0.0007698229),('dukung',2,0,0.0009680542),('dukung',3,4,0.0038491148),('pasca',1,1,0.0018832393),('pasca',2,0,0.0009680542),('pasca',3,0,0.0007698229),('swastanbsp',1,2,0.0028248588),('swastanbsp',2,0,0.0009680542),('pandemi',1,1,0.0018832393),('swastanbsp',3,0,0.0007698229),('pandemi',2,0,0.0009680542),('pandemi',3,0,0.0007698229),('bijak',1,2,0.0028248588),('bijak',2,0,0.0009680542),('covid',1,1,0.0018832393),('covid',2,0,0.0009680542),('bijak',3,0,0.0007698229),('covid',3,0,0.0007698229),('fraksi',1,1,0.0018832393),('cipta',1,2,0.0028248588),('fraksi',2,0,0.0009680542),('cipta',2,0,0.0009680542),('fraksi',3,0,0.0007698229),('cipta',3,0,0.0007698229),('nasdem',1,1,0.0018832393),('perata',1,2,0.0028248588),('nasdem',2,0,0.0009680542),('perata',2,0,0.0009680542),('nasdem',3,0,0.0007698229),('perata',3,0,0.0007698229),('dprdnbsp',1,1,0.0018832393),('lanjut',1,2,0.0028248588),('dprdnbsp',2,0,0.0009680542),('lanjut',2,0,0.0009680542),('dprdnbsp',3,0,0.0007698229),('lanjut',3,0,0.0007698229),('livetalk',1,1,0.0018832393),('istilah',1,2,0.0028248588),('livetalk',2,0,0.0009680542),('istilah',2,0,0.0009680542),('livetalk',3,0,0.0007698229),('istilah',3,0,0.0007698229),('hukum',1,1,0.0018832393),('hukum',2,0,0.0009680542),('berkwalitas',1,2,0.0028248588),('hukum',3,0,0.0007698229),('berkwalitas',2,0,0.0009680542),('berkwalitas',3,0,0.0007698229),('ucap',1,2,0.0028248588),('good',1,1,0.0018832393),('ucap',2,0,0.0009680542),('good',2,0,0.0009680542),('ucap',3,0,0.0007698229),('good',3,0,0.0007698229),('anies',1,2,0.0028248588),('governance',1,1,0.0018832393),('anies',2,0,0.0009680542),('governance',2,0,0.0009680542),('anies',3,0,0.0007698229),('governance',3,0,0.0007698229),('bilanbsp',1,2,0.0028248588),('teknologi',1,3,0.0037664783),('bilanbsp',2,0,0.0009680542),('teknologi',2,0,0.0009680542),('bilanbsp',3,0,0.0007698229),('teknologi',3,4,0.0038491148),('antariksa',1,0,0.0009416196),('antariksa',2,0,0.0009680542),('pm',1,2,0.0028248588),('antariksa',3,4,0.0038491148),('pm',2,2,0.0029041625),('pm',3,0,0.0007698229),('tanggal',1,0,0.0009416196),('tanggal',2,0,0.0009680542),('tanggal',3,2,0.0023094688),('share',1,1,0.0018832393),('share',2,0,0.0009680542),('share',3,0,0.0007698229),('jelajah',1,0,0.0009416196),('this',1,1,0.0018832393),('jelajah',2,0,0.0009680542),('this',2,0,0.0009680542),('jelajah',3,6,0.0053887605),('this',3,0,0.0007698229),('spirit',1,0,0.0009416196),('event',1,1,0.0018832393),('spirit',2,0,0.0009680542),('event',2,0,0.0009680542),('spirit',3,2,0.0023094688),('event',3,0,0.0007698229),('nasa',1,0,0.0009416196),('days',1,1,0.0018832393),('nasa',2,0,0.0009680542),('days',2,2,0.0029041625),('nasa',3,6,0.0053887605),('days',3,0,0.0007698229),('darat',1,0,0.0009416196),('liputancom',1,0,0.0009416196),('darat',2,0,0.0009680542),('liputancom',2,0,0.0009680542),('darat',3,4,0.0038491148),('liputancom',3,1,0.0015396459),('mars',1,0,0.0009416196),('seoul',1,0,0.0009416196),('mars',2,0,0.0009680542),('seoul',2,0,0.0009680542),('mars',3,4,0.0038491148),('seoul',3,1,0.0015396459),('robot',1,0,0.0009416196),('robot',2,0,0.0009680542),('electronics',1,0,0.0009416196),('robot',3,2,0.0023094688),('electronics',2,0,0.0009680542),('electronics',3,2,0.0023094688),('kenal',1,0,0.0009416196),('kenal',2,0,0.0009680542),('siap',1,0,0.0009416196),('kenal',3,4,0.0038491148),('siap',2,0,0.0009680542),('siap',3,1,0.0015396459),('exploration',1,0,0.0009416196),('area',1,0,0.0009416196),('exploration',2,0,0.0009680542),('area',2,0,0.0009680542),('exploration',3,2,0.0023094688),('area',3,1,0.0015396459),('rover',1,0,0.0009416196),('pamer',1,0,0.0009416196),('rover',2,0,0.0009680542),('pamer',2,0,0.0009680542),('rover',3,2,0.0023094688),('pamer',3,2,0.0023094688),('khusus',1,0,0.0009416196),('kembar',1,0,0.0009416196),('khusus',2,0,0.0009680542),('kembar',2,0,0.0009680542),('khusus',3,1,0.0015396459),('kembar',3,2,0.0023094688),('rangka',1,0,0.0009416196),('rangka',2,0,0.0009680542),('pertama',1,1,0.0018832393),('rangka',3,1,0.0015396459),('pertama',2,0,0.0009680542),('pertama',3,2,0.0023094688),('tunjuk',1,0,0.0009416196),('tunjuk',2,0,0.0009680542),('tunjuk',3,1,0.0015396459),('planet',1,0,0.0009416196),('planet',2,0,0.0009680542),('bagai',1,0,0.0009416196),('planet',3,2,0.0023094688),('bagai',2,0,0.0009680542),('bagai',3,2,0.0023094688),('merah',1,0,0.0009416196),('merah',2,0,0.0009680542),('produk',1,0,0.0009416196),('merah',3,2,0.0023094688),('produk',2,0,0.0009680542),('httpswwwhandelsblattcombpolitikbinternationalisraelkriegtodvonhamasanfuehrerinbeiruthisbollahkuendig',1,0,0.0009416196),('produk',3,1,0.0015396459),('httpswwwhandelsblattcombpolitikbinternationalisraelkriegtodvonhamasanfuehrerinbeiruthisbollahkuendig',2,0,0.0009680542),('httpswwwhandelsblattcombpolitikbinternationalisraelkriegtodvonhamasanfuehrerinbeiruthisbollahkuendig',3,0,0.0007698229),('inovatif',1,0,0.0009416196),('quotperang',1,2,0.0028248588),('inovatif',2,0,0.0009680542),('quotperang',2,0,0.0009680542),('inovatif',3,1,0.0015396459),('quotperang',3,0,0.0007698229),('ajang',1,0,0.0009416196),('dagang',1,4,0.0047080978),('dagang',2,0,0.0009680542),('ajang',2,0,0.0009680542),('dagang',3,0,0.0007698229),('ajang',3,1,0.0015396459),('perang',1,2,0.0028248588),('consumer',1,0,0.0009416196),('perang',2,0,0.0009680542),('consumer',2,0,0.0009680542),('perang',3,0,0.0007698229),('consumer',3,1,0.0015396459),('putus',1,2,0.0028248588),('show',1,0,0.0009416196),('putus',2,0,0.0009680542),('show',2,0,0.0009680542),('putus',3,0,0.0007698229),('show',3,1,0.0015396459),('rantai',1,2,0.0028248588),('rantai',2,0,0.0009680542),('ces',1,0,0.0009416196),('rantai',3,0,0.0007698229),('ces',2,0,0.0009680542),('ces',3,1,0.0015396459),('pasok',1,2,0.0028248588),('pasok',2,0,0.0009680542),('acara',1,0,0.0009416196),('pasok',3,0,0.0007698229),('acara',2,0,0.0009680542),('acara',3,1,0.0015396459),('industri',1,2,0.0028248588),('industri',2,0,0.0009680542),('industri',3,0,0.0007698229),('upaya',1,3,0.0037664783),('amanah',1,0,0.0009416196),('upaya',2,0,0.0009680542),('amanah',2,2,0.0029041625),('upaya',3,0,0.0007698229),('amanah',3,0,0.0007698229),('politisasi',1,2,0.0028248588),('tolak',1,0,0.0009416196),('politisasi',2,0,0.0009680542),('tolak',2,1,0.0019361085),('politisasi',3,0,0.0007698229),('tolak',3,0,0.0007698229),('isu',1,2,0.0028248588),('isu',2,0,0.0009680542),('isu',3,0,0.0007698229),('identiti',1,0,0.0009416196),('identiti',2,1,0.0019361085),('identiti',3,0,0.0007698229),('dapatnbsp',1,2,0.0028248588),('dapatnbsp',2,0,0.0009680542),('takut',1,0,0.0009416196),('dapatnbsp',3,0,0.0007698229),('takut',2,1,0.0019361085),('takut',3,0,0.0007698229),('one',1,0,0.0009416196),('one',2,2,0.0029041625),('melayu',1,0,0.0009416196),('one',3,0,0.0007698229),('melayu',2,1,0.0019361085),('melayu',3,0,0.0007698229),('year',1,0,0.0009416196),('year',2,2,0.0029041625),('mat',1,0,0.0009416196),('year',3,0,0.0007698229),('mat',2,1,0.0019361085),('mat',3,0,0.0007698229),('rishi',1,0,0.0009416196),('rishi',2,2,0.0029041625),('sabu',1,0,0.0009416196),('rishi',3,0,0.0007698229),('sabu',2,1,0.0019361085),('sabu',3,0,0.0007698229),('sunak',1,0,0.0009416196),('sunak',2,2,0.0029041625),('sunak',3,0,0.0007698229),('middot',1,0,0.0009416196),('made',1,0,0.0009416196),('middot',2,11,0.0116166500),('made',2,2,0.0029041625),('middot',3,0,0.0007698229),('made',3,0,0.0007698229),('bangga',1,0,0.0009416196),('five',1,0,0.0009416196),('bangga',2,1,0.0019361085),('five',2,2,0.0029041625),('bangga',3,0,0.0007698229),('five',3,0,0.0007698229),('aju',1,0,0.0009416196),('pledges',1,0,0.0009416196),('aju',2,1,0.0019361085),('pledges',2,2,0.0029041625),('aju',3,0,0.0007698229),('pledges',3,0,0.0007698229),('madanon',1,0,0.0009416196),('for',1,0,0.0009416196),('madanon',2,1,0.0019361085),('for',2,3,0.0038722169),('madanon',3,0,0.0007698229),('for',3,0,0.0007698229),('lawan',1,0,0.0009416196),('voters',1,0,0.0009416196),('lawan',2,1,0.0019361085),('voters',2,2,0.0029041625),('lawan',3,0,0.0007698229),('voters',3,0,0.0007698229),('walaun',1,0,0.0009416196),('to',1,0,0.0009416196),('walaun',2,1,0.0019361085),('to',2,10,0.0106485961),('walaun',3,0,0.0007698229),('to',3,0,0.0007698229),('judge',1,0,0.0009416196),('wanita',1,0,0.0009416196),('judge',2,2,0.0029041625),('wanita',2,1,0.0019361085),('judge',3,0,0.0007698229),('wanita',3,0,0.0007698229),('him',1,0,0.0009416196),('him',2,2,0.0029041625),('borneonews',1,1,0.0018832393),('him',3,0,0.0007698229),('borneonews',2,0,0.0009680542),('borneonews',3,0,0.0007698229),('on',1,0,0.0009416196),('on',2,2,0.0029041625),('palangka',1,2,0.0028248588),('on',3,0,0.0007698229),('palangka',2,0,0.0009680542),('palangka',3,0,0.0007698229),('the',1,0,0.0009416196),('the',2,7,0.0077444338),('raya',1,2,0.0028248588),('the',3,0,0.0007698229),('raya',2,0,0.0009680542),('raya',3,0,0.0007698229),('prime',1,0,0.0009416196),('prime',2,2,0.0029041625),('anggota',1,1,0.0018832393),('prime',3,0,0.0007698229),('anggota',2,0,0.0009680542),('anggota',3,0,0.0007698229),('mister',1,0,0.0009416196),('mister',2,2,0.0029041625),('komissi',1,1,0.0018832393),('mister',3,0,0.0007698229),('komissi',2,0,0.0009680542),('komissi',3,0,0.0007698229),('met',1,0,0.0009416196),('met',2,2,0.0029041625),('b',1,1,0.0018832393),('met',3,0,0.0007698229),('b',2,0,0.0009680542),('b',3,0,0.0007698229),('his',1,0,0.0009416196),('his',2,2,0.0029041625),('dprd',1,1,0.0018832393),('his',3,0,0.0007698229),('dprd',2,0,0.0009680542),('dprd',3,0,0.0007698229),('pledge',1,0,0.0009416196),('pledge',2,2,0.0029041625),('pledge',3,0,0.0007698229),('khemal',1,1,0.0018832393),('halve',1,0,0.0009416196),('khemal',2,0,0.0009680542),('halve',2,2,0.0029041625),('khemal',3,0,0.0007698229),('halve',3,0,0.0007698229),('nasery',1,1,0.0018832393),('inflation',1,0,0.0009416196),('nasery',2,0,0.0009680542),('inflation',2,2,0.0029041625),('nasery',3,0,0.0007698229),('inflation',3,0,0.0007698229),('ungkap',1,1,0.0018832393),('by',1,0,0.0009416196),('ungkap',2,0,0.0009680542),('by',2,2,0.0029041625),('ungkap',3,2,0.0023094688),('by',3,0,0.0007698229),('harap',1,2,0.0028248588),('harap',2,0,0.0009680542),('end',1,0,0.0009416196),('harap',3,0,0.0007698229),('end',2,2,0.0029041625),('end',3,0,0.0007698229),('of',1,0,0.0009416196),('baiknbsp',1,1,0.0018832393),('of',2,4,0.0048402711),('baiknbsp',2,0,0.0009680542),('of',3,0,0.0007698229),('baiknbsp',3,0,0.0007698229),('nbsp',1,0,0.0009416196),('nbsp',2,2,0.0029041625),('baterei',1,0,0.0009416196),('nbsp',3,0,0.0007698229),('baterei',2,0,0.0009680542),('baterei',3,2,0.0023094688),('odyssey',1,0,0.0009416196),('odyssey',2,0,0.0009680542),('odyssey',3,4,0.0038491148),('mah',1,0,0.0009416196),('mah',2,0,0.0009680542),('oled',1,0,0.0009416196),('mah',3,1,0.0015396459),('oled',2,0,0.0009680542),('oled',3,2,0.0023094688),('turut',1,0,0.0009416196),('turut',2,0,0.0009680542),('turut',3,1,0.0015396459),('ukur',1,0,0.0009416196),('ukur',2,0,0.0009680542),('ukur',3,2,0.0023094688),('tahan',1,0,0.0009416196),('inci',1,0,0.0009416196),('tahan',2,0,0.0009680542),('inci',2,0,0.0009680542),('tahan',3,1,0.0015396459),('inci',3,6,0.0053887605),('jam',1,0,0.0009416196),('lengkung',1,0,0.0009416196),('jam',2,0,0.0009680542),('lengkung',2,0,0.0009680542),('jam',3,1,0.0015396459),('lengkung',3,2,0.0023094688),('isi',1,0,0.0009416196),('isi',2,0,0.0009680542),('isi',3,1,0.0015396459),('cepat',1,0,0.0009416196),('cepat',2,0,0.0009680542),('daya',1,0,0.0009416196),('cepat',3,2,0.0023094688),('daya',2,0,0.0009680542),('daya',3,1,0.0015396459),('aspek',1,0,0.0009416196),('aspek',2,0,0.0009680542),('avita',1,0,0.0009416196),('aspek',3,2,0.0023094688),('avita',2,0,0.0009680542),('avita',3,1,0.0015396459),('rasio',1,0,0.0009416196),('rasio',2,0,0.0009680542),('liber',1,0,0.0009416196),('rasio',3,2,0.0023094688),('liber',2,0,0.0009680542),('liber',3,1,0.0015396459),('v',1,0,0.0009416196),('opsi',1,0,0.0009416196),('v',2,0,0.0009680542),('v',3,1,0.0015396459),('opsi',2,0,0.0009680542),('opsi',3,2,0.0023094688),('intel',1,0,0.0009416196),('p',1,0,0.0009416196),('intel',2,0,0.0009680542),('p',2,0,0.0009680542),('intel',3,2,0.0023094688),('p',3,2,0.0023094688),('uhd',1,0,0.0009416196),('uhd',2,0,0.0009680542),('tawar',1,0,0.0009416196),('uhd',3,1,0.0015396459),('tawar',2,0,0.0009680542),('tawar',3,2,0.0023094688),('graphics',1,0,0.0009416196),('graphics',2,0,0.0009680542),('samsung',1,0,0.0009416196),('graphics',3,1,0.0015396459),('samsung',2,0,0.0009680542),('samsung',3,7,0.0061585833),('bantu',1,0,0.0009416196),('bantu',2,0,0.0009680542),('bantu',3,1,0.0015396459),('kira',1,2,0.0028248588),('kira',2,0,0.0009680542),('barry',1,0,0.0009416196),('kira',3,2,0.0023094688),('barry',2,1,0.0019361085),('barry',3,0,0.0007698229),('perangkat',1,0,0.0009416196),('perangkat',2,0,0.0009680542),('bennett',1,0,0.0009416196),('perangkat',3,7,0.0061585833),('bennett',2,1,0.0019361085),('bennett',3,0,0.0007698229),('layar',1,0,0.0009416196),('layar',2,0,0.0009680542),('and',1,0,0.0009416196),('layar',3,6,0.0053887605),('and',2,2,0.0029041625),('and',3,0,0.0007698229),('lipat',1,0,0.0009416196),('lipat',2,0,0.0009680542),('doug',1,0,0.0009416196),('lipat',3,2,0.0023094688),('doug',2,1,0.0019361085),('apple',1,0,0.0009416196),('doug',3,0,0.0007698229),('apple',2,0,0.0009680542),('apple',3,2,0.0023094688),('watts',1,0,0.0009416196),('watts',2,1,0.0019361085),('beri',1,1,0.0018832393),('watts',3,0,0.0007698229),('beri',2,0,0.0009680542),('beri',3,2,0.0023094688),('cut',1,0,0.0009416196),('cut',2,1,0.0019361085),('nama',1,0,0.0009416196),('cut',3,0,0.0007698229),('nama',2,0,0.0009680542),('nama',3,2,0.0023094688),('deferred',1,0,0.0009416196),('deferred',2,1,0.0019361085),('iphone',1,0,0.0009416196),('deferred',3,0,0.0007698229),('iphone',2,0,0.0009680542),('iphone',3,2,0.0023094688),('prosecution',1,0,0.0009416196),('prosecution',2,1,0.0019361085),('flip',1,0,0.0009416196),('prosecution',3,0,0.0007698229),('flip',2,0,0.0009680542),('flip',3,2,0.0023094688),('deals',1,0,0.0009416196),('deals',2,1,0.0019361085),('prediksi',1,0,0.0009416196),('deals',3,0,0.0007698229),('prediksi',2,0,0.0009680542),('prediksi',3,4,0.0038491148),('over',1,0,0.0009416196),('over',2,1,0.0019361085),('over',3,0,0.0007698229),('luncur',1,0,0.0009416196),('claims',1,0,0.0009416196),('luncur',2,0,0.0009680542),('claims',2,1,0.0019361085),('luncur',3,2,0.0023094688),('claims',3,0,0.0007698229),('muncul',1,2,0.0028248588),('muncul',2,0,0.0009680542),('undisclosed',1,0,0.0009416196),('muncul',3,4,0.0038491148),('undisclosed',2,1,0.0019361085),('undisclosed',3,0,0.0007698229),('tahun',1,7,0.0075329565),('tahun',2,0,0.0009680542),('lobbying',1,0,0.0009416196),('tahun',3,6,0.0053887605),('lobbying',2,1,0.0019361085),('analis',1,0,0.0009416196),('lobbying',3,0,0.0007698229),('analis',2,0,0.0009680542),('analis',3,2,0.0023094688),('qatar',1,0,0.0009416196),('qatar',2,1,0.0019361085),('mingchi',1,0,0.0009416196),('mingchi',2,0,0.0009680542),('qatar',3,0,0.0007698229),('mingchi',3,2,0.0023094688),('harga',1,0,0.0009416196),('kuo',1,0,0.0009416196),('harga',2,0,0.0009680542),('kuo',2,0,0.0009680542),('harga',3,2,0.0023094688),('kuo',3,2,0.0023094688),('awal',1,0,0.0009416196),('awal',2,0,0.0009680542),('informasi',1,0,0.0009416196),('awal',3,2,0.0023094688),('informasi',2,0,0.0009680542),('informasi',3,2,0.0023094688),('tetap',1,0,0.0009416196),('tetap',2,0,0.0009680542),('tetap',3,1,0.0015396459),('jelang',1,0,0.0009416196),('jelang',2,0,0.0009680542),('jelang',3,2,0.0023094688),('galaxy',1,0,0.0009416196),('galaxy',2,0,0.0009680542),('akhir',1,0,0.0009416196),('galaxy',3,4,0.0038491148),('akhir',2,0,0.0009680542),('akhir',3,2,0.0023094688),('s',1,0,0.0009416196),('s',2,0,0.0009680542),('s',3,1,0.0015396459),('pesawat',1,0,0.0009416196),('pesawat',2,0,0.0009680542),('basic',1,0,0.0009416196),('pesawat',3,2,0.0023094688),('basic',2,0,0.0009680542),('basic',3,1,0.0015396459),('ruang',1,0,0.0009416196),('ruang',2,0,0.0009680542),('rp',1,0,0.0009416196),('ruang',3,2,0.0023094688),('rp',2,0,0.0009680542),('rp',3,4,0.0038491148),('angkasa',1,0,0.0009416196),('angkasa',2,0,0.0009680542),('varian',1,0,0.0009416196),('angkasa',3,2,0.0023094688),('varian',2,0,0.0009680542),('varian',3,3,0.0030792919),('juno',1,0,0.0009416196),('juno',2,0,0.0009680542),('juno',3,4,0.0038491148),('hasil',1,0,0.0009416196),('hasil',2,0,0.0009680542),('hasil',3,2,0.0023094688),('banda',1,1,0.0018832393),('bulan',1,1,0.0018832393),('banda',2,0,0.0009680542),('bulan',2,0,0.0009680542),('banda',3,0,0.0007698229),('bulan',3,4,0.0038491148),('aceh',1,2,0.0028248588),('io',1,0,0.0009416196),('aceh',2,0,0.0009680542),('io',2,0,0.0009680542),('aceh',3,0,0.0007698229),('io',3,2,0.0023094688),('amat',1,1,0.0018832393),('orbit',1,0,0.0009416196),('amat',2,0,0.0009680542),('orbit',2,0,0.0009680542),('amat',3,0,0.0007698229),('orbit',3,2,0.0023094688),('jupiter',1,0,0.0009416196),('rustam',1,1,0.0018832393),('jupiter',2,0,0.0009680542),('rustam',2,0,0.0009680542),('jupiter',3,4,0.0038491148),('rustam',3,0,0.0007698229),('capai',1,0,0.0009416196),('effendi',1,1,0.0018832393),('capai',2,0,0.0009680542),('effendi',2,0,0.0009680542),('capai',3,2,0.0023094688),('effendi',3,0,0.0007698229),('dekat',1,0,0.0009416196),('sebut',1,1,0.0018832393),('dekat',2,0,0.0009680542),('sebut',2,0,0.0009680542),('dekat',3,2,0.0023094688),('sebut',3,0,0.0007698229),('vulkanik',1,0,0.0009416196),('vulkanik',2,0,0.0009680542),('vulkanik',3,2,0.0023094688),('jebak',1,1,0.0018832393),('jebak',2,0,0.0009680542),('jadi',1,0,0.0009416196),('jebak',3,0,0.0007698229),('jadi',2,0,0.0009680542),('jadi',3,3,0.0030792919),('angka',1,1,0.0018832393),('angka',2,0,0.0009680542),('laku',1,0,0.0009416196),('angka',3,0,0.0007698229),('laku',2,0,0.0009680542),('laku',3,4,0.0038491148),('persen',1,5,0.0056497175),('persen',2,0,0.0009680542),('persen',3,0,0.0007698229),('terbang',1,0,0.0009416196),('terbang',2,0,0.0009680542),('bawah',1,3,0.0037664783),('terbang',3,2,0.0023094688),('bawah',2,0,0.0009680542),('bawah',3,0,0.0007698229),('lintas',1,0,0.0009416196),('lintas',2,0,0.0009680542),('maju',1,1,0.0018832393),('lintas',3,2,0.0023094688),('maju',2,0,0.0009680542),('maju',3,0,0.0007698229),('kali',1,0,0.0009416196),('sektorsektor',1,1,0.0018832393),('kali',2,0,0.0009680542),('sektorsektor',2,0,0.0009680542),('kali',3,2,0.0023094688),('sektorsektor',3,0,0.0007698229),('perintah',1,2,0.0028248588),('kunci',1,1,0.0018832393),('perintah',2,0,0.0009680542),('perintah',3,0,0.0007698229),('kunci',2,0,0.0009680542),('kunci',3,0,0.0007698229),('tarik',1,2,0.0028248588),('tarik',2,0,0.0009680542),('tarik',3,0,0.0007698229),('inovasi',1,1,0.0018832393),('inovasi',2,0,0.0009680542),('hutang',1,2,0.0028248588),('inovasi',3,0,0.0007698229),('hutang',2,0,0.0009680542),('hutang',3,0,0.0007698229),('solusi',1,1,0.0018832393),('solusi',2,0,0.0009680542),('donald',1,2,0.0028248588),('solusi',3,0,0.0007698229),('donald',2,0,0.0009680542),('donald',3,0,0.0007698229),('tantang',1,1,0.0018832393),('tantang',2,0,0.0009680542),('trump',1,2,0.0028248588),('tantang',3,0,0.0007698229),('trump',2,0,0.0009680542),('trump',3,0,0.0007698229),('hadap',1,1,0.0018832393),('joe',1,2,0.0028248588),('hadap',2,0,0.0009680542),('joe',2,0,0.0009680542),('hadap',3,1,0.0015396459),('joe',3,0,0.0007698229),('biden',1,2,0.0028248588),('yu',1,0,0.0009416196),('biden',2,0,0.0009680542),('yu',2,0,0.0009680542),('biden',3,0,0.0007698229),('yu',3,2,0.0023094688),('stabil',1,2,0.0028248588),('zhong',1,0,0.0009416196),('stabil',2,0,0.0009680542),('zhong',2,0,0.0009680542),('stabil',3,0,0.0007698229),('zhong',3,2,0.0023094688),('salah',1,1,0.0018832393),('salah',2,0,0.0009680542),('pemulihannbsp',1,2,0.0028248588),('salah',3,1,0.0015396459),('pemulihannbsp',2,0,0.0009680542),('pemulihannbsp',3,0,0.0007698229),('satu',1,1,0.0018832393),('satu',2,0,0.0009680542),('satu',3,1,0.0015396459),('hero',1,0,0.0009416196),('gamang',1,2,0.0028248588),('hero',2,0,0.0009680542),('gamang',2,0,0.0009680542),('hero',3,1,0.0015396459),('gamang',3,0,0.0007698229),('sentimen',1,2,0.0028248588),('sentimen',2,0,0.0009680542),('langsung',1,0,0.0009416196),('sentimen',3,0,0.0007698229),('langsung',2,0,0.0009680542),('langsung',3,1,0.0015396459),('pasar',1,2,0.0028248588),('cici',1,0,0.0009416196),('pasar',2,0,0.0009680542),('cici',2,0,0.0009680542),('pasar',3,0,0.0007698229),('cici',3,1,0.0015396459),('modal',1,2,0.0028248588),('soal',1,0,0.0009416196),('modal',2,0,0.0009680542),('soal',2,0,0.0009680542),('modal',3,0,0.0007698229),('soal',3,1,0.0015396459),('positif',1,2,0.0028248588),('karakter',1,0,0.0009416196),('positif',2,0,0.0009680542),('positif',3,0,0.0007698229),('karakter',2,0,0.0009680542),('karakter',3,1,0.0015396459),('prospek',1,2,0.0028248588),('prospek',2,0,0.0009680542),('prospek',3,0,0.0007698229),('efek',1,0,0.0009416196),('efek',2,0,0.0009680542),('kerja',1,2,0.0028248588),('efek',3,1,0.0015396459),('kerja',2,0,0.0009680542),('kerja',3,0,0.0007698229),('lifesteal',1,0,0.0009416196),('lifesteal',2,0,0.0009680542),('bursa',1,2,0.0028248588),('lifesteal',3,1,0.0015396459),('bursa',2,0,0.0009680542),('bursa',3,0,0.0007698229),('tinggi',1,0,0.0009416196),('baik',1,2,0.0028248588),('tinggi',2,0,0.0009680542),('baik',2,0,0.0009680542),('tinggi',3,2,0.0023094688),('baik',3,0,0.0007698229),('mehr',1,0,0.0009416196),('mehr',2,2,0.0029041625),('main',1,0,0.0009416196),('mehr',3,0,0.0007698229),('main',2,1,0.0019361085),('main',3,2,0.0023094688),('videos',1,0,0.0009416196),('videos',2,2,0.0029041625),('agresif',1,0,0.0009416196),('videos',3,0,0.0007698229),('agresif',2,0,0.0009680542),('agresif',3,1,0.0015396459),('unter',1,0,0.0009416196),('unter',2,2,0.0029041625),('aktifitas',1,1,0.0018832393),('unter',3,0,0.0007698229),('aktifitas',2,0,0.0009680542),('aktifitas',3,0,0.0007698229),('httpswwwsatregionalde',1,0,0.0009416196),('httpswwwsatregionalde',2,2,0.0029041625),('httpswwwsatregionalde',3,0,0.0007698229),('singkat',1,1,0.0018832393),('protest',1,0,0.0009416196),('singkat',2,0,0.0009680542),('protest',2,2,0.0029041625),('singkat',3,0,0.0007698229),('protest',3,0,0.0007698229),('kuartal',1,1,0.0018832393),('gegen',1,0,0.0009416196),('kuartal',2,0,0.0009680542),('gegen',2,2,0.0029041625),('kuartal',3,0,0.0007698229),('gegen',3,0,0.0007698229),('die',1,0,0.0009416196),('die',2,4,0.0048402711),('pmi',1,1,0.0018832393),('die',3,0,0.0007698229),('pmi',2,0,0.0009680542),('pmi',3,0,0.0007698229),('sparplne',1,0,0.0009416196),('sparplne',2,2,0.0029041625),('manufaktur',1,1,0.0018832393),('sparplne',3,0,0.0007698229),('manufaktur',2,0,0.0009680542),('manufaktur',3,0,0.0007698229),('der',1,0,0.0009416196),('der',2,6,0.0067763794),('resmi',1,1,0.0018832393),('der',3,0,0.0007698229),('resmi',2,0,0.0009680542),('resmi',3,2,0.0023094688),('bundesregierung',1,0,0.0009416196),('bundesregierung',2,2,0.0029041625),('alami',1,1,0.0018832393),('bundesregierung',3,0,0.0007698229),('alami',2,0,0.0009680542),('alami',3,1,0.0015396459),('ruft',1,0,0.0009416196),('ruft',2,2,0.0029041625),('kontraksi',1,1,0.0018832393),('ruft',3,0,0.0007698229),('kontraksi',2,0,0.0009680542),('kontraksi',3,0,0.0007698229),('bauernverband',1,0,0.0009416196),('bauernverband',2,2,0.0029041625),('lima',1,1,0.0018832393),('bauernverband',3,0,0.0007698229),('lima',2,0,0.0009680542),('lima',3,0,0.0007698229),('ab',1,0,0.0009416196),('ab',2,2,0.0029041625),('ab',3,0,0.0007698229),('hingganbsp',1,1,0.0018832393),('hingganbsp',2,0,0.0009680542),('dem',1,0,0.0009416196),('hingganbsp',3,0,0.0007698229),('dem',2,2,0.0029041625),('dem',3,0,0.0007698229),('setop',1,0,0.0009416196),('gadget',1,0,0.0009416196),('setop',2,0,0.0009680542),('gadget',2,0,0.0009680542),('setop',3,1,0.0015396459),('gadget',3,2,0.0023094688),('gamer',1,0,0.0009416196),('gamer',2,0,0.0009680542),('smartphone',1,0,0.0009416196),('gamer',3,1,0.0015396459),('smartphone',2,0,0.0009680542),('smartphone',3,4,0.0038491148),('csgo',1,0,0.0009416196),('csgo',2,0,0.0009680542),('unggul',1,0,0.0009416196),('csgo',3,1,0.0015396459),('unggul',2,0,0.0009680542),('unggul',3,2,0.0023094688),('fungsionalitas',1,0,0.0009416196),('sektor',1,0,0.0009416196),('fungsionalitas',2,0,0.0009680542),('sektor',2,0,0.0009680542),('fungsionalitas',3,1,0.0015396459),('sektor',3,2,0.0023094688),('kait',1,0,0.0009416196),('kait',2,0,0.0009680542),('kait',3,1,0.0015396459),('masa',1,0,0.0009416196),('masa',2,0,0.0009680542),('fitur',1,0,0.0009416196),('masa',3,2,0.0023094688),('fitur',2,0,0.0009680542),('fitur',3,5,0.0046189376),('game',1,0,0.0009416196),('game',2,0,0.0009680542),('lampau',1,0,0.0009416196),('game',3,1,0.0015396459),('lampau',2,0,0.0009680542),('lampau',3,2,0.0023094688),('coordinator',1,0,0.0009416196),('coordinator',2,0,0.0009680542),('coordinator',3,1,0.0015396459),('konvensional',1,0,0.0009416196),('konvensional',2,0,0.0009680542),('masalah',1,0,0.0009416196),('konvensional',3,2,0.0023094688),('masalah',2,0,0.0009680542),('dslr',1,0,0.0009416196),('masalah',3,1,0.0015396459),('dslr',2,0,0.0009680542),('dslr',3,2,0.0023094688),('antisemitismusvorwurf',1,0,0.0009416196),('turbo',1,0,0.0009416196),('antisemitismusvorwurf',2,2,0.0029041625),('turbo',2,0,0.0009680542),('antisemitismusvorwurf',3,0,0.0007698229),('turbo',3,1,0.0015396459),('claudine',1,0,0.0009416196),('boost',1,0,0.0009416196),('claudine',2,2,0.0029041625),('boost',2,0,0.0009680542),('claudine',3,0,0.0007698229),('boost',3,1,0.0015396459),('gay',1,0,0.0009416196),('mungkin',1,0,0.0009416196),('gay',2,2,0.0029041625),('mungkin',2,0,0.0009680542),('gay',3,0,0.0007698229),('mungkin',3,1,0.0015396459),('entschuldigte',1,0,0.0009416196),('entschuldigte',2,2,0.0029041625),('performa',1,0,0.0009416196),('performa',2,0,0.0009680542),('entschuldigte',3,0,0.0007698229),('performa',3,2,0.0023094688),('sich',1,0,0.0009416196),('sich',2,2,0.0029041625),('otomatis',1,0,0.0009416196),('sich',3,0,0.0007698229),('otomatis',2,0,0.0009680542),('otomatis',3,1,0.0015396459),('spter',1,0,0.0009416196),('spter',2,2,0.0029041625),('sesuai',1,0,0.0009416196),('spter',3,0,0.0007698229),('sesuai',2,0,0.0009680542),('sesuai',3,1,0.0015396459),('fr',1,0,0.0009416196),('butuh',1,0,0.0009416196),('fr',2,2,0.0029041625),('butuh',2,0,0.0009680542),('fr',3,0,0.0007698229),('butuh',3,1,0.0015396459),('ihre',1,0,0.0009416196),('ihre',2,2,0.0029041625),('aplikasi',1,0,0.0009416196),('ihre',3,0,0.0007698229),('aplikasi',2,0,0.0009680542),('aplikasi',3,3,0.0030792919),('aussage',1,0,0.0009416196),('aussage',2,2,0.0029041625),('jalan',1,0,0.0009416196),('aussage',3,0,0.0007698229),('jalan',2,0,0.0009680542),('jalan',3,1,0.0015396459),('teller',1,0,0.0009416196),('teller',2,2,0.0029041625),('teller',3,0,0.0007698229),('i',1,0,0.0009416196),('i',2,0,0.0009680542),('i',3,1,0.0015396459),('rand',1,0,0.0009416196),('rand',2,2,0.0029041625),('rand',3,0,0.0007698229),('podcast',1,0,0.0009416196),('podcast',2,2,0.0029041625),('podcast',3,0,0.0007698229),('rancang',1,0,0.0009416196),('zu',1,0,0.0009416196),('rancang',2,0,0.0009680542),('zu',2,2,0.0029041625),('rancang',3,1,0.0015396459),('zu',3,0,0.0007698229),('untu',1,0,0.0009416196),('internationaler',1,0,0.0009416196),('untu',2,0,0.0009680542),('internationaler',2,2,0.0029041625),('untu',3,1,0.0015396459),('internationaler',3,0,0.0007698229),('actors',1,0,0.0009416196),('actors',2,1,0.0019361085),('january',1,0,0.0009416196),('actors',3,0,0.0007698229),('january',2,2,0.0029041625),('january',3,0,0.0007698229),('writers',1,0,0.0009416196),('writers',2,1,0.0019361085),('congratulations',1,0,0.0009416196),('writers',3,0,0.0007698229),('congratulations',2,2,0.0029041625),('congratulations',3,0,0.0007698229),('celebs',1,0,0.0009416196),('our',1,0,0.0009416196),('celebs',2,1,0.0019361085),('our',2,2,0.0029041625),('celebs',3,0,0.0007698229),('our',3,0,0.0007698229),('have',1,0,0.0009416196),('undergraduate',1,0,0.0009416196),('have',2,1,0.0019361085),('undergraduate',2,2,0.0029041625),('have',3,0,0.0007698229),('undergraduate',3,0,0.0007698229),('lined',1,0,0.0009416196),('award',1,0,0.0009416196),('lined',2,1,0.0019361085),('award',2,2,0.0029041625),('lined',3,0,0.0007698229),('award',3,0,0.0007698229),('up',1,0,0.0009416196),('amp',1,0,0.0009416196),('up',2,1,0.0019361085),('amp',2,2,0.0029041625),('up',3,0,0.0007698229),('amp',3,0,0.0007698229),('in',1,0,0.0009416196),('scholarship',1,0,0.0009416196),('in',2,1,0.0019361085),('scholarship',2,2,0.0029041625),('in',3,0,0.0007698229),('scholarship',3,0,0.0007698229),('defense',1,0,0.0009416196),('recipients',1,0,0.0009416196),('defense',2,1,0.0019361085),('recipients',2,2,0.0029041625),('defense',3,0,0.0007698229),('recipients',3,0,0.0007698229),('following',1,0,0.0009416196),('grard',1,0,0.0009416196),('following',2,2,0.0029041625),('following',3,0,0.0007698229),('grard',2,1,0.0019361085),('grard',3,0,0.0007698229),('a',1,0,0.0009416196),('depardieu',1,0,0.0009416196),('a',2,2,0.0029041625),('depardieu',2,1,0.0019361085),('a',3,0,0.0007698229),('depardieu',3,0,0.0007698229),('alongside',1,0,0.0009416196),('twoyear',1,0,0.0009416196),('alongside',2,1,0.0019361085),('twoyear',2,2,0.0029041625),('alongside',3,0,0.0007698229),('twoyear',3,0,0.0007698229),('hiatus',1,0,0.0009416196),('french',1,0,0.0009416196),('hiatus',2,2,0.0029041625),('french',2,1,0.0019361085),('hiatus',3,0,0.0007698229),('french',3,0,0.0007698229),('department',1,0,0.0009416196),('president',1,0,0.0009416196),('department',2,2,0.0029041625),('president',2,1,0.0019361085),('department',3,0,0.0007698229),('president',3,0,0.0007698229),('wasnbsp',1,0,0.0009416196),('social',1,0,0.0009416196),('wasnbsp',2,2,0.0029041625),('social',2,1,0.0019361085),('wasnbsp',3,0,0.0007698229),('social',3,0,0.0007698229),('indonesias',1,0,0.0009416196),('media',1,0,0.0009416196),('indonesias',2,2,0.0029041625),('media',2,1,0.0019361085),('indonesias',3,0,0.0007698229),('media',3,0,0.0007698229),('menu',1,0,0.0009416196),('political',1,0,0.0009416196),('menu',2,3,0.0038722169),('political',2,2,0.0029041625),('menu',3,0,0.0007698229),('political',3,0,0.0007698229),('twitter',1,0,0.0009416196),('indicator',1,0,0.0009416196),('twitter',2,1,0.0019361085),('indicator',2,2,0.0029041625),('twitter',3,0,0.0007698229),('indicator',3,0,0.0007698229),('indikator',1,0,0.0009416196),('logo',1,0,0.0009416196),('indikator',2,2,0.0029041625),('indikator',3,0,0.0007698229),('logo',2,1,0.0019361085),('logo',3,0,0.0007698229),('internationale',1,0,0.0009416196),('internationale',2,1,0.0019361085),('released',1,0,0.0009416196),('internationale',3,0,0.0007698229),('released',2,2,0.0029041625),('released',3,0,0.0007698229),('its',1,0,0.0009416196),('its',2,2,0.0029041625),('its',3,0,0.0007698229),('current',1,0,0.0009416196),('current',2,1,0.0019361085),('latest',1,0,0.0009416196),('current',3,0,0.0007698229),('latest',2,2,0.0029041625),('latest',3,0,0.0007698229),('issue',1,0,0.0009416196),('survey',1,0,0.0009416196),('issue',2,1,0.0019361085),('survey',2,2,0.0029041625),('issue',3,0,0.0007698229),('survey',3,0,0.0007698229),('postvice',1,0,0.0009416196),('all',1,0,0.0009416196),('postvice',2,2,0.0029041625),('all',2,2,0.0029041625),('postvice',3,0,0.0007698229),('all',3,0,0.0007698229),('presidential',1,0,0.0009416196),('issues',1,0,0.0009416196),('presidential',2,2,0.0029041625),('issues',2,1,0.0019361085),('presidential',3,0,0.0007698229),('issues',3,0,0.0007698229),('debate',1,0,0.0009416196),('debate',2,2,0.0029041625),('columns',1,0,0.0009416196),('debate',3,0,0.0007698229),('columns',2,1,0.0019361085),('read',1,0,0.0009416196),('columns',3,0,0.0007698229),('read',2,2,0.0029041625),('read',3,0,0.0007698229),('about',1,0,0.0009416196),('about',2,1,0.0019361085),('about',3,0,0.0007698229),('recomended',1,0,0.0009416196),('recomended',2,2,0.0029041625),('breadcrumb',1,0,0.0009416196),('recomended',3,0,0.0007698229),('breadcrumb',2,1,0.0019361085),('breadcrumb',3,0,0.0007698229),('dot',1,0,0.0009416196),('articles',1,0,0.0009416196),('dot',2,0,0.0009680542),('articles',2,1,0.0019361085),('dot',3,2,0.0023094688),('articles',3,0,0.0007698229),('drop',1,0,0.0009416196),('ip',1,0,0.0009416196),('drop',2,0,0.0009680542),('ip',2,1,0.0019361085),('drop',3,2,0.0023094688),('ip',3,0,0.0007698229),('masingmasing',1,1,0.0018832393),('masingmasing',2,0,0.0009680542),('piksel',1,0,0.0009416196),('masingmasing',3,0,0.0007698229),('piksel',2,0,0.0009680542),('piksel',3,2,0.0023094688),('rapat',1,0,0.0009416196),('raih',1,1,0.0018832393),('rapat',2,0,0.0009680542),('raih',2,0,0.0009680542),('rapat',3,2,0.0023094688),('raih',3,0,0.0007698229),('ppi',1,0,0.0009416196),('simpati',1,1,0.0018832393),('ppi',2,0,0.0009680542),('simpati',2,0,0.0009680542),('simpati',3,0,0.0007698229),('ppi',3,2,0.0023094688),('pilih',1,1,0.0018832393),('pilih',2,0,0.0009680542),('mode',1,0,0.0009416196),('pilih',3,0,0.0007698229),('mode',2,0,0.0009680542),('mode',3,2,0.0023094688),('baca',1,0,0.0009416196),('baca',2,0,0.0009680542),('baca',3,2,0.0023094688),('pasang',1,1,0.0018832393),('pasang',2,0,0.0009680542),('xiaomi',1,0,0.0009416196),('xiaomi',2,0,0.0009680542),('xiaomi',3,2,0.0023094688),('redmi',1,0,0.0009416196),('redmi',2,0,0.0009680542),('redmi',3,2,0.0023094688),('c',1,0,0.0009416196),('c',2,0,0.0009680542),('c',3,2,0.0023094688),('redup',1,0,0.0009416196),('redup',2,0,0.0009680542),('redup',3,2,0.0023094688),('dc',1,0,0.0009416196),('dc',2,0,0.0009680542),('dc',3,2,0.0023094688),('lindung',1,0,0.0009416196),('lindung',2,0,0.0009680542),('lindung',3,2,0.0023094688),('corning',1,0,0.0009416196),('corning',2,0,0.0009680542),('corning',3,2,0.0023094688),('gorilla',1,0,0.0009416196),('gorilla',2,0,0.0009680542),('gorilla',3,2,0.0023094688),('bauer',1,0,0.0009416196),('bauer',2,2,0.0029041625),('bauer',3,0,0.0007698229),('macht',1,0,0.0009416196),('macht',2,2,0.0029041625),('macht',3,0,0.0007698229),('harte',1,0,0.0009416196),('harte',2,2,0.0029041625),('harte',3,0,0.0007698229),('ansage',1,0,0.0009416196),('ansage',2,2,0.0029041625),('ansage',3,0,0.0007698229),('an',1,0,0.0009416196),('an',2,2,0.0029041625),('an',3,0,0.0007698229),('ampel',1,0,0.0009416196),('ampel',2,2,0.0029041625),('ampel',3,0,0.0007698229),('regierung',1,0,0.0009416196),('regierung',2,2,0.0029041625),('regierung',3,0,0.0007698229),('perspektiven',1,0,0.0009416196),('perspektiven',2,2,0.0029041625),('perspektiven',3,0,0.0007698229),('new',1,0,0.0009416196),('new',2,2,0.0029041625),('new',3,0,0.0007698229),('go',1,0,0.0009416196),('go',2,2,0.0029041625),('go',3,0,0.0007698229),('channel',1,0,0.0009416196),('channel',2,2,0.0029041625),('channel',3,0,0.0007698229),('why',1,0,0.0009416196),('why',2,2,0.0029041625),('why',3,0,0.0007698229),('americans',1,0,0.0009416196),('americans',2,2,0.0029041625),('americans',3,0,0.0007698229),('are',1,0,0.0009416196),('are',2,2,0.0029041625),('are',3,0,0.0007698229),('going',1,0,0.0009416196),('going',2,2,0.0029041625),('going',3,0,0.0007698229),('childnbsp',1,0,0.0009416196),('childnbsp',2,2,0.0029041625),('childnbsp',3,0,0.0007698229),('quotpemerintah',1,2,0.0028248588),('quotpemerintah',2,0,0.0009680542),('quotpemerintah',3,0,0.0007698229),('besar',1,2,0.0028248588),('besar',2,0,0.0009680542),('besar',3,0,0.0007698229),('bank',1,2,0.0028248588),('bank',2,0,0.0009680542),('bank',3,0,0.0007698229),('indonesianbsp',1,2,0.0028248588),('indonesianbsp',2,0,0.0009680542),('indonesianbsp',3,0,0.0007698229),('perlu',1,0,0.0009416196),('perlu',2,2,0.0029041625),('perlu',3,2,0.0023094688),('sepakat',1,0,0.0009416196),('sepakat',2,2,0.0029041625),('sepakat',3,0,0.0007698229),('negri',1,0,0.0009416196),('negri',2,2,0.0029041625),('negri',3,0,0.0007698229),('hajiji',1,0,0.0009416196),('hajiji',2,2,0.0029041625),('hajiji',3,0,0.0007698229),('dec',1,0,0.0009416196),('dec',2,2,0.0029041625),('dec',3,0,0.0007698229),('httpswwwhandelsblattcombpolitikbinternationalisraelkriegtodvonhamasanfuehrerinbeiruthisbollahkuendig',1,0,0.0009416196),('httpswwwhandelsblattcombpolitikbinternationalisraelkriegtodvonhamasanfuehrerinbeiruthisbollahkuendig',2,0,0.0009680542),('httpswwwhandelsblattcombpolitikbinternationalisraelkriegtodvonhamasanfuehrerinbeiruthisbollahkuendig',3,0,0.0007698229),('most',1,0,0.0009416196),('most',2,2,0.0029041625),('most',3,0,0.0007698229),('viewed',1,0,0.0009416196),('viewed',2,2,0.0029041625),('viewed',3,0,0.0007698229),('last',1,0,0.0009416196),('last',2,2,0.0029041625),('last',3,0,0.0007698229),('expm',1,0,0.0009416196),('expm',2,2,0.0029041625),('expm',3,0,0.0007698229),('former',1,0,0.0009416196),('former',2,2,0.0029041625),('former',3,0,0.0007698229),('aides',1,0,0.0009416196),('aides',2,2,0.0029041625),('aides',3,0,0.0007698229),('be',1,0,0.0009416196),('be',2,2,0.0029041625),('be',3,0,0.0007698229),('summoned',1,0,0.0009416196),('summoned',2,2,0.0029041625),('summoned',3,0,0.0007698229),('bynbsp',1,0,0.0009416196),('bynbsp',2,2,0.0029041625),('bynbsp',3,0,0.0007698229),('unpacked',1,0,0.0009416196),('unpacked',2,0,0.0009680542),('unpacked',3,2,0.0023094688),('am',1,0,0.0009416196),('am',2,0,0.0009680542),('am',3,2,0.0023094688),('wib',1,0,0.0009416196),('wib',2,0,0.0009680542),('wib',3,2,0.0023094688),('care',1,0,0.0009416196),('care',2,0,0.0009680542),('care',3,2,0.0023094688),('nila',1,0,0.0009416196),('nila',2,0,0.0009680542),('nila',3,2,0.0023094688),('juta',1,0,0.0009416196),('juta',2,0,0.0009680542),('juta',3,2,0.0023094688),('preorder',1,0,0.0009416196),('preorder',2,0,0.0009680542),('preorder',3,2,0.0023094688),('tulis',1,0,0.0009416196),('tulis',2,0,0.0009680542),('tulis',3,2,0.0023094688),('laman',1,0,0.0009416196),('laman',2,0,0.0009680542),('laman',3,2,0.0023094688),('banyak',1,2,0.0028248588),('banyak',2,0,0.0009680542),('banyak',3,0,0.0007698229),('gera',1,2,0.0028248588),('gera',2,0,0.0009680542),('gera',3,0,0.0007698229),('sejahtera',1,2,0.0028248588),('sejahtera',2,0,0.0009680542),('sejahtera',3,0,0.0007698229),('diaspora',1,2,0.0028248588),('diaspora',2,0,0.0009680542),('diaspora',3,0,0.0007698229),('iran',1,2,0.0028248588),('iran',2,0,0.0009680542),('iran',3,0,0.0007698229),('mursyidnbsp',1,2,0.0028248588),('mursyidnbsp',2,0,0.0009680542),('mursyidnbsp',3,0,0.0007698229),('google',1,0,0.0009416196),('google',2,0,0.0009680542),('google',3,8,0.0069284067),('drive',1,0,0.0009416196),('drive',2,0,0.0009680542),('drive',3,2,0.0023094688),('sedia',1,0,0.0009416196),('sedia',2,0,0.0009680542),('sedia',3,2,0.0023094688),('edit',1,0,0.0009416196),('edit',2,0,0.0009680542),('edit',3,4,0.0038491148),('dokumen',1,0,0.0009416196),('dokumen',2,0,0.0009680542),('dokumen',3,4,0.0038491148),('online',1,0,0.0009416196),('online',2,0,0.0009680542),('online',3,2,0.0023094688),('docs',1,0,0.0009416196),('docs',2,0,0.0009680542),('docs',3,2,0.0023094688),('sheets',1,0,0.0009416196),('sheets',2,0,0.0009680542),('sheets',3,2,0.0023094688),('slides',1,0,0.0009416196),('slides',2,0,0.0009680542),('slides',3,2,0.0023094688),('teks',1,0,0.0009416196),('teks',2,0,0.0009680542),('teks',3,2,0.0023094688),('spreadsheet',1,0,0.0009416196),('spreadsheet',2,0,0.0009680542),('spreadsheet',3,2,0.0023094688),('presentasi',1,0,0.0009416196),('presentasi',2,0,0.0009680542),('presentasi',3,2,0.0023094688),('unduh',1,0,0.0009416196),('unduh',2,0,0.0009680542),('unduh',3,2,0.0023094688),('menginstal',1,0,0.0009416196),('menginstal',2,0,0.0009680542),('menginstal',3,2,0.0023094688),('luna',1,0,0.0009416196),('luna',2,0,0.0009680542),('luna',3,2,0.0023094688);

#
# Structure for table "probabilitas_kategori_2211501388"
#

DROP TABLE IF EXISTS `probabilitas_kategori_2211501388`;
CREATE TABLE `probabilitas_kategori_2211501388` (
  `id_kategori` int(11) NOT NULL,
  `jml_data` int(11) DEFAULT 0,
  `nilai_probabilitas` float(10,10) DEFAULT 0.0000000000,
  `tmp_nilai` float(10,10) DEFAULT NULL,
  PRIMARY KEY (`id_kategori`)
) ENGINE=InnoDB DEFAULT CHARSET=utf8mb4 COLLATE=utf8mb4_general_ci;

#
# Data for table "probabilitas_kategori_2211501388"
#

INSERT INTO `probabilitas_kategori_2211501388` VALUES (1,20,0.3773584962,0.0000000000),(2,14,0.2641509473,0.0000000000),(3,19,0.3584905565,0.0000000000);

#
# Structure for table "slangword_2211501388"
#

DROP TABLE IF EXISTS `slangword_2211501388`;
CREATE TABLE `slangword_2211501388` (
  `kata_tbaku` varchar(50) NOT NULL,
  `kata_baku` varchar(100) NOT NULL
) ENGINE=InnoDB DEFAULT CHARSET=utf8mb4 COLLATE=utf8mb4_general_ci;

#
# Data for table "slangword_2211501388"
#

INSERT INTO `slangword_2211501388` VALUES ('abjad ','abjat\r'),('advokat','adpokat\r'),('adhesi ','adesi\r'),('afdal ','afdol\r'),('aktif ','aktip\r'),('aktivitas ','aktifitas\r'),('akuatik ','aquatik\r'),('ambeien ','ambeyen\r'),('alarm ','alaram\r'),('ambulans ','ambulan\r'),('amendemen ','amandemen\r'),('amfibi ','ampibi\r'),('amonia ','amoniak\r'),('analisis ','analisa\r'),('andal ','handal\r'),('antre ','antri\r'),('apotek ','apotik\r'),('artefak ','artifak\r'),('asas ','azas\r'),('astronout ','astronot\r'),('asyik ','asik\r'),('ateis ','atheis\r'),('ateisme ','atheisme\r'),('atlet ','atlit\r'),('atmosfer ','atmosfir\r'),('autentik ','otentik\r'),('azan ','adzan\r'),('balig ','baligh\r'),('balsam ','balsem\r'),('baterai ','baterei\r'),('berandal ','brandal\r'),('berantas ','brantas\r'),('berengsek ','brengsek\r'),('berpikir ','berfikir\r'),('bertanggung jawab ','bertanggungjawab\r'),('bolpoin ','bolpen\r'),('brankas ','berankas\r'),('bujet ','budget\r'),('boling ','bowling\r'),('boraks ','borax\r'),('bus ','bis\r'),('cabai ','cabe\r'),('capai ','capek\r'),('cecak ','cicak\r'),('cedera ','cidera\r'),('cendekia ','cendikia\r'),('cendekiawan ','cendikiawan\r'),('cendera mata ','cenderamata\r'),('cengkerama ','cengkrama\r'),('cengkih ','cengkeh\r'),('cokelat ','coklat\r'),('daftar ','daptar\r'),('dahsyat ','dasyat\r'),('dahulu ','dulu\r'),('darmasiswa ','darma siswa\r'),('darmawisata ','darma wisata\r'),('dasbor ','dasbord\r'),('debitur ','debitor\r'),('detail ','detil\r'),('detergen ','deterjen\r'),('digit ','dijit\r'),('diagnosis ','diagnosa\r'),('diferensial ','differensial\r'),('dolar ','dollar\r'),('doping ','dopping\r'),('dram / drum ','drem\r'),('durian ','duren\r'),('efektif ','efektip\r'),('eksplisit ','explisit\r'),('eksponen ','eksponent\r'),('ekspor ','eksport\r'),('ekspres ','expres\r'),('ekstra ','extra\r'),('ekstrem ','ekstrim\r'),('ekuivalen ','ekuifalen\r'),('elite ','elit\r'),('embus ','hembus\r'),('esai ','esei\r'),('faksimile ','faksimili\r'),('februari ','pebruari\r'),('figur ','figure\r'),('fondasi ','pondasi\r'),('formal ','formil\r'),('fosfor ','pospor\r'),('foto ','photo\r'),('fotokopi ','photokopi\r'),('fotosintesis ','fotosintesa\r'),('fotomodel ','foto-model\r'),('fraksinasi ','fraksinase\r'),('frasa ','frase\r'),('frekuensi ','frekwensi\r'),('gaib ','ghaib / ghoib\r'),('gangster ','gengster\r'),('ganjal ','ganjel\r'),('gatal ','gatel\r'),('gelora ','glora\r'),('geladi ','gladi\r'),('genius ','jenius\r'),('gereget ','greget\r'),('gizi ','giji\r'),('gua ','goa\r'),('gubuk ','gubug\r'),('gudeg','gudek\r'),('hadis','hadist\r'),('hafal ','hapal\r'),('hakikat ','hakekat\r'),('hangus ','angus\r'),('hektare ','hektar\r'),('herpes ','herves\r'),('heterografi ','hetrografi\r'),('hipotesis ','hipotesa\r'),('histori ','history\r'),('idiil ','idil\r'),('ihram ','ikhram\r'),('ijazah ','ijasah\r'),('ikhlas ','iklas / ihlas\r'),('imbau ','himbau\r'),('impor ','import\r'),('indra ','indera\r'),('insaf ','insyaf\r'),('intens ','inten\r'),('inti sari ','intisari\r'),('isap ','hisap\r'),('isra ','isra?\r'),('istigfar ','istighfar\r'),('istri ','isteri\r'),('intermeso ','intemezo\r'),('izin ','ijin\r'),('jadwal ','jadual\r'),('jagat ','jagat\r'),('jaiz ','jais\r'),('jasad ','jasat\r'),('jemaah ','jamaah\r'),('jenazah ','jenasah\r'),('jenderal ','jendral\r'),('judo ','yudo\r'),('jumat ','jum?at\r'),('junior ','yunior\r'),('juri ','yuri\r'),('kaidah ','kaedah\r'),('kakbah ','kaabah / ka?bah\r'),('kanker ','kangker\r'),('karena ','karna?\r'),('karier ','karir\r'),('karisma ','kharisma\r'),('karnaval ','karnafal\r'),('kasrah ','kasroh\r'),('katalisis ','katalisa\r'),('katapel ','ketapel\r'),('kategori ','katagori\r'),('kebun ','kebon\r'),('kedaluwarsa ','kadaluarsa / kadaluwarsa\r'),('kedelai ','kedelei\r'),('kelengkeng ','klengkeng\r'),('kendur ','kendor\r'),('khatam ','katam / hatam\r'),('khawatir ','kuatir\r'),('khotbah ','khutbah\r'),('kiai ','kyai\r'),('klien ','client\r'),('kliping ','keliping\r'),('kloter ','keloter\r'),('koboi ','koboy\r'),('komersial ','komersil\r'),('kompleks ','komplek\r'),('komplet ','komplit\r'),('kongres ','konggres\r'),('konsumtif ','konsumtip\r'),('koordinasi ','koordinir\r'),('korsleting ','konsleting\r'),('kosa kata ','kosakata\r'),('kreatif ','kreatip\r'),('kreativitas ','kreatifitas\r'),('kreditur ','kreditor\r'),('kualifikasi ','kwalifikasi\r'),('kualitas ','kwalitas\r'),('kuantitatif ','kwantitatif\r'),('kuitansi ','kwitansi\r'),('label ','lebel\r'),('lafal ','lapal\r'),('legalisasi ','legalisir\r'),('lembab ','lembap\r'),('litosfer ','litosfir\r'),('lubang ','lobang\r'),('maaf ','maap\r'),('macam ','macem\r'),('magrib ','maghrib\r'),('maksimum ','maximum\r'),('mangkuk ','mangkok\r'),('mantra ','mantera\r'),('massal ','masal\r'),('masjid ','mesjid\r'),('memengaruhi ','mempengaruhi\r'),('mengonsumsi ','mengkonsumsi\r'),('mengubah ','merubah\r'),('menteri ','mentri\r'),('menyontek ','mencontek\r'),('merek ','merk\r'),('mesosfer ','mesosfir\r'),('meterai ','materai\r'),('metode ','metoda\r'),('mikraj ','mi?raj\r'),('misi ','missi\r'),('miliar ','miliyar\r'),('mulia ','mulya\r'),('nakhoda ','nahkoda\r'),('napas ','nafas\r'),('narasumber ','nara sumber\r'),('nasihat ','nasehat\r'),('negeri ','negri\r'),('neto ','netto\r'),('nomor ','nomer\r'),('nonblok ','non-blok\r'),('nonmiliter ','non militer\r'),('notula ','notulen\r'),('november ','nopember\r'),('objek ','obyek\r'),('objektif ','obyektif\r'),('oke ','ok\r'),('omzet ','omset\r'),('organisasi ','organisir\r'),('orisinal ','orisinil\r'),('paham ','faham\r'),('pahit ','pait\r'),('palem ','palm\r'),('pancuran ','pancoran\r'),('paradoks ','paradox\r'),('pascapanen ','pasca panen\r'),('pascaperang? ','pasca perang\r'),('pascasarjana ','pasca sarjana\r'),('paspor ','pasport\r'),('pedas ','pedes\r'),('permak','vermak\r'),('pensil ','pinsil\r'),('persepsi ','presepsi\r'),('perspektif ','perespektif\r'),('pikir ','fikir\r'),('prancis ','perancis\r'),('presidensial ','presidental\r'),('produktif ','produktip\r'),('produktivitas ','produktifitas\r'),('proyek ','projek\r'),('provinsi ','propinsi\r'),('putra ','putera\r'),('putri ','puteri\r'),('quran ','qur?an\r'),('ramai ','rame\r'),('rapi ','rapih\r'),('rapor ','raport\r'),('reaumur ','reamur\r'),('respons ','respon\r'),('resistans ','resistan\r'),('reumatik ','rematik\r'),('rezeki ','rejeki\r'),('rezim ','resim\r'),('risiko ','resiko\r'),('roboh ','rubuh\r'),('roh ','ruh\r'),('sahih ','sohih\r'),('saksama ','seksama\r'),('sambal ','sambel\r'),('sanksi ','sangsi\r'),('satra ','sastera\r'),('satai ','sate\r'),('saus ','saos\r'),('sekadar ','sekedar\r'),('sekretaris ','sekertaris\r'),('seprai ','seprei\r'),('setrika ','seterika / strika\r'),('sintesis ','sintesa\r'),('sopir ','supir\r'),('standardisasi ','standarisasi\r'),('statosfer ','statosfir\r'),('subjek ','subyek\r'),('survei ','survey\r'),('sutra ','sutera\r'),('swiss ','swis\r'),('syahid ','sahid\r'),('syawal ','sawal\r'),('teknik ','tehnik\r'),('teladan ','tauladan\r'),('telepon ','telpon\r'),('tenteram ','tentram\r'),('termosfer ','termosfir\r'),('tobat ','taubat\r'),('transpor ','transport\r'),('triliun ','triliyun\r'),('tripleks ','triplek\r'),('trofi ','tropi\r'),('umrah ','umroh\r'),('unta ','onta\r'),('urgen ','urgent\r'),('urine ','urin\r'),('ustaz ','ustadz\r'),('utang ','hutang\r'),('varietas ','varietes / varitas\r'),('wali kota ','walikota\r'),('yogyakarta ','jogjakarta\r'),('yudikatif ','judikatif\r'),('zaman ','jaman\r'),('zamrud ','jamrud\r'),('zamzam ','zam-zam\r');
