# Host: localhost  (Version 5.5.5-10.4.28-MariaDB)
# Date: 2023-11-30 07:29:26
# Generator: MySQL-Front 6.0  (Build 2.20)


#
# Structure for table "classify_2211501388"
#

DROP TABLE IF EXISTS `classify_2211501388`;
CREATE TABLE `classify_2211501388` (
  `data_bersih` tinytext NOT NULL,
  `id_actual` varchar(3) DEFAULT NULL,
  `id_predicted` varchar(3) DEFAULT NULL
) ENGINE=InnoDB DEFAULT CHARSET=utf8mb4 COLLATE=utf8mb4_general_ci;

#
# Data for table "classify_2211501388"
#


#
# Structure for table "galert_data_2211501388"
#

DROP TABLE IF EXISTS `galert_data_2211501388`;
CREATE TABLE `galert_data_2211501388` (
  `galert_id` varchar(300) NOT NULL DEFAULT '',
  `galert_title` tinytext DEFAULT NULL,
  `galert_link` tinytext DEFAULT NULL,
  `galert_update` tinytext DEFAULT NULL,
  PRIMARY KEY (`galert_id`)
) ENGINE=InnoDB DEFAULT CHARSET=utf8mb4 COLLATE=utf8mb4_general_ci;

#
# Data for table "galert_data_2211501388"
#

INSERT INTO `galert_data_2211501388` VALUES ('tag:google.com,2005:reader/user/15184189448141550031/state/com.google/alerts/13992085059311248893','Google Alert - Politik','','2023-11-29T16:36:27Z'),('tag:google.com,2005:reader/user/15184189448141550031/state/com.google/alerts/3930286811085934833','Google Alert - Hukum','','2023-11-29T16:30:42Z'),('tag:google.com,2005:reader/user/15184189448141550031/state/com.google/alerts/6717174291739697944','Google Alert - Ekonomi','','2023-11-29T15:59:23Z');

#
# Structure for table "galert_entry_2211501388"
#

DROP TABLE IF EXISTS `galert_entry_2211501388`;
CREATE TABLE `galert_entry_2211501388` (
  `entry_id` varchar(300) NOT NULL,
  `entry_title` tinytext NOT NULL,
  `entry_link` tinytext NOT NULL,
  `entry_published` tinytext NOT NULL,
  `entry_updated` tinytext NOT NULL,
  `entry_content` tinytext NOT NULL,
  `entry_author` tinytext NOT NULL,
  `feed_id` varchar(300) NOT NULL DEFAULT '',
  PRIMARY KEY (`entry_id`)
) ENGINE=InnoDB DEFAULT CHARSET=utf8mb4 COLLATE=utf8mb4_general_ci;

#
# Data for table "galert_entry_2211501388"
#

INSERT INTO `galert_entry_2211501388` VALUES ('','','','','','','','tag:google.com,2005:reader/user/15184189448141550031/state/com.google/alerts/6717174291739697944'),('tag:google.com,2013:googlealerts/feed:10063905992602053289','Pakar <b>Politik</b> Sebut Pemilu Harus Disambut Dengan Gembira - Halo Semarang','','2023-11-29T14:00:37Z','','Di sisi lain, masyarakat harus tetap kritis terhadap pelaksaanaan pemilu, agar berkualitas dan legitimate dalam mekanisme pengelolaan/pergantian&nbsp;...','  ','tag:google.com,2005:reader/user/15184189448141550031/state/com.google/alerts/13992085059311248893'),('tag:google.com,2013:googlealerts/feed:10555888205539765491','LAPDN Gelar Seminar Kajian Peta <b>Politik</b> di Kabupaten Sukabumi','','2023-11-29T16:29:54Z','','Lembaga Asistensi Pemerintah Dalam Negeri (LAPDN) mengadakan kegiatan seminar peran pemerintah daerah dalam menjaga stabilitas <b>politik</b>.','  ','tag:google.com,2005:reader/user/15184189448141550031/state/com.google/alerts/13992085059311248893'),('tag:google.com,2013:googlealerts/feed:10972229375786034792','Lewat APBN, DJBC Susun Strategi Hadapi Tantangan <b>Ekonomi</b> pada 2024','','2023-11-29T15:10:35Z','','... <b>ekonomi</b> nasional sebesar 5,2 persen dan inflasi terjaga di 2,8 persen. Bea Cukai sebagai bagian dari Kemenkeu turut mengemban amanat pendapatan&nbsp;...','  ','tag:google.com,2005:reader/user/15184189448141550031/state/com.google/alerts/6717174291739697944'),('tag:google.com,2013:googlealerts/feed:11312093776193431980','MK Tegaskan Putusan Batas Usia Capres-Cawapres Tak Cacat <b>Hukum</b> - KOMPAS.com','','2023-11-29T12:55:12Z','','MK menegaskan putusan batas usia capres dan cawapres tak cacat <b>hukum</b>. Hal ini merujuk pertimbangan putusan Majelis Kehormatan Mahkamah Konstitusi.','  ','tag:google.com,2005:reader/user/15184189448141550031/state/com.google/alerts/3930286811085934833'),('tag:google.com,2013:googlealerts/feed:11639841862512244983','Pj Bupati Katingan Tegaskan ASN Harus Hindari <b>Politik</b> Praktis - Borneonews','','2023-11-29T11:41:36Z','','Penjabat atau Pj Bupati Katingan, Saiful menegaskan semua aparatur sipil negara atau ASN yang di daerahnya harus menghindari <b>politik</b> praktis.','  ','tag:google.com,2005:reader/user/15184189448141550031/state/com.google/alerts/13992085059311248893'),('tag:google.com,2013:googlealerts/feed:11726690562642583593','BI Proyeksikan <b>Ekonomi</b> Indonesia Tahun Depan Bisa 5,5 Persen - Money Kompas','','2023-11-29T14:42:47Z','','Pertumbuhan <b>ekonomi</b> Indonesia diproyeksikan meningkat pada 2025 dengan kisaran 4,8 sampai 5,6 persen pada 2025.','  ','tag:google.com,2005:reader/user/15184189448141550031/state/com.google/alerts/6717174291739697944'),('tag:google.com,2013:googlealerts/feed:12144571590728049560','Timnas AMIN: Anak muda ingin lebih dari sekadar gimik <b>politik</b> - Antaranews.com','','2023-11-29T12:52:01Z','','Wakil Kapten Tim Nasional Pemenangan Anies Baswedan-Muhaimin Iskandar (AMIN) Sudirman Said meyakini bahwa pemilih dari generasi muda menginginkan&nbsp;...','  ','tag:google.com,2005:reader/user/15184189448141550031/state/com.google/alerts/13992085059311248893'),('tag:google.com,2013:googlealerts/feed:12408504112101199073','Ketua Bawaslu Batang : <b>Politik</b> Uang Masuk Pidana Pemilu - RMOL JATENG','','2023-11-29T12:26:51Z','','Ketua Badan Pengawasan Pemilihan Umum (Bawaslu) Mahbrur menyebut <b>politik</b> uang masuk dalam kategori pidana Pemilu. Tidak sekadar pelanggaran dalam&nbsp;...','  ','tag:google.com,2005:reader/user/15184189448141550031/state/com.google/alerts/13992085059311248893'),('tag:google.com,2013:googlealerts/feed:12715026975662605480','Rosan Pastikan Prabowo Tak Bicara <b>Politik</b> Saat Bertemu Jokowi di Hari Pertama Kampanye','','2023-11-29T16:36:27Z','','JAKARTA, KOMPAS.com - Ketua Tim Kampanye Nasional (TKN) Prabowo Subianto-Gibran Rakabuming Raka, Rosan Perkasa Roeslani memastikan Prabowo dan&nbsp;...','  ','tag:google.com,2005:reader/user/15184189448141550031/state/com.google/alerts/13992085059311248893'),('tag:google.com,2013:googlealerts/feed:12752717819548839993','<b>Ekonomi</b> 2024 Redup! Ini Analisa Lengkap Gubernur BI - CNBC Indonesia','','2023-11-29T13:51:30Z','','Belum ada titik cerah dari <b>ekonomi</b> 2024. Dunia masih diliputi ketidakpastian yang tinggi. Apa saja penyebabnya?','  ','tag:google.com,2005:reader/user/15184189448141550031/state/com.google/alerts/6717174291739697944'),('tag:google.com,2013:googlealerts/feed:12834380436955108365','Berawal dari Tersangkut Kasus <b>Hukum</b>, Didik Pramono Memberanikan Diri Nyaleg pada ...','','2023-11-29T13:26:05Z','','Berawal dari tersangkut kasus <b>hukum</b>, Didik Pramono memutuskan untuk maju jadi Calon Legislatif (Caleg) pada Pemilu 2024.','  ','tag:google.com,2005:reader/user/15184189448141550031/state/com.google/alerts/3930286811085934833'),('tag:google.com,2013:googlealerts/feed:13432363054767433143','<b>Hukum</b> Pengantin Shalat Saat Wajah Masih Pakai Make Up Waterproof, Simak penjelasan ...','','2023-11-29T11:55:41Z','','Mengenai <b>hukum</b> pengantin menunaikan ibadah shalat dengan kondisi wajah masih mengenakan riasan atau make up telah dijelaskan Buya Yahya dalam&nbsp;...','  ','tag:google.com,2005:reader/user/15184189448141550031/state/com.google/alerts/3930286811085934833'),('tag:google.com,2013:googlealerts/feed:13484399285210256240','Menolak Beri Nilai Penegakan <b>Hukum</b> Era Jokowi, Anies: Jebakan Politik - Bandung','','2023-11-29T14:03:57Z','','Calon Presiden (Capres) nomor urut 1 Anies Baswedan memilih untuk tidak memberikan nilai terhadap penegakan <b>hukum</b> di masa kepemimpinan Presiden&nbsp;...','  ','tag:google.com,2005:reader/user/15184189448141550031/state/com.google/alerts/3930286811085934833'),('tag:google.com,2013:googlealerts/feed:1351059097429109192','PKS sebut <b>Politik</b> &#39;Santuy&#39; Gimik, PSI: Lecehkan Gen Z - detikNews','','2023-11-29T15:11:06Z','','Sekjen PSI Raja Juli Antoni menanggapi kritik PKS soal ada pihak lain yang mengedepankan gimik <b>politik</b> &#39;santuy&#39; dan &#39;gemoy&#39; sehingga membuat tak&nbsp;...','  ','tag:google.com,2005:reader/user/15184189448141550031/state/com.google/alerts/13992085059311248893'),('tag:google.com,2013:googlealerts/feed:13680287492515588413','Keterlibatan Perempuan Dalam <b>Politik</b> di Gorontalo Semakin Meningkat - InfoPublik','','2023-11-29T11:52:59Z','','Kota Gorontalo, InfoPublik – Sejak menjelang pelaksanaan tahun <b>politik</b> pencalonan kandidat sudah marak dilakukan, dorongan keterlibatan perempuan&nbsp;...','  ','tag:google.com,2005:reader/user/15184189448141550031/state/com.google/alerts/13992085059311248893'),('tag:google.com,2013:googlealerts/feed:13940973327429331774','Anggota Bhabinkamtibmas Patroli Rutin ke Warga Binaan di wilayah <b>hukum</b> Polsek Tabang','','2023-11-29T11:14:28Z','','Kukar Rabu (229/11/2023) Anggota Bhabinkamtibmas Desa Gunung Sari dan Long Lalang Polsek Tabang Brigpol Nur Fatah Patroli warga binaan agar selalu&nbsp;...','  ','tag:google.com,2005:reader/user/15184189448141550031/state/com.google/alerts/3930286811085934833'),('tag:google.com,2013:googlealerts/feed:1408567608900132945','Jenis-Jenis Penggolongan <b>Hukum</b> Berdasarkan Bentuknya, Isi, dan Sumbernya - kumparan','','2023-11-29T14:05:50Z','','<b>Hukum</b> ini dikategorikan menjadi <b>hukum</b> tertulis yang dikodifikasi dan yang tidak dikodifikasi. Contohnya adalah Keppres, KUHP, KUHAP, dan lainnya. 2.','  ','tag:google.com,2005:reader/user/15184189448141550031/state/com.google/alerts/3930286811085934833'),('tag:google.com,2013:googlealerts/feed:14355227250024185793','Darurat <b>Politik</b> Uang, Prof Burhanuddin Muhtadi: RI Tertinggi Ketiga Dunia - kbr.id','','2023-11-29T11:32:48Z','','&quot;Pada 2014 dan 2019 saya menemukan sekitar 33 persen pemilih terlibat dalam praktik jual beli suara. Dengan kata lain, 1 dari 3 orang Indonesia,&nbsp;...','  ','tag:google.com,2005:reader/user/15184189448141550031/state/com.google/alerts/13992085059311248893'),('tag:google.com,2013:googlealerts/feed:14598124720453810800','Terlibat <b>Politik</b> Praktis, ASN-PPPK Unkhair Bakal Diberhentikan - tandaseru.com','','2023-11-29T11:05:07Z','','Tandaseru — Wakil Rektor III Bidang Kerja Sama, Kemahasiswaan, dan Alumni Universitas Khairun Ternate, Provinsi Maluku Utara, Abdul Kadir Kamalu.','  ','tag:google.com,2005:reader/user/15184189448141550031/state/com.google/alerts/13992085059311248893'),('tag:google.com,2013:googlealerts/feed:15102021237963796051','BSI Dorong Pertumbuhan Bisnis Tengah Ketidakpastian <b>Ekonomi</b> - Radar Bogor','','2023-11-29T12:44:12Z','','Bahkan BSI tetap mampu tumbuh di atas industri perbankan nasional di tengah kondisi <b>ekonomi</b> yang tidak menentu dan penuh tantangan. Hal ini&nbsp;...','  ','tag:google.com,2005:reader/user/15184189448141550031/state/com.google/alerts/6717174291739697944'),('tag:google.com,2013:googlealerts/feed:15391203948574473811','Jadi Guru Besar UIN Jakarta, Burhanuddin Muhtadi Singgung Praktik <b>Politik</b> Uang','','2023-11-29T15:04:45Z','','Direktur Eksekutif Indikator <b>Politik</b> Indonesia Burhanuddin Muhtadi resmi menjadi Guru Besar Ilmu <b>Politik</b> UIN Syarif Hidayatullah Jakarta.','  ','tag:google.com,2005:reader/user/15184189448141550031/state/com.google/alerts/13992085059311248893'),('tag:google.com,2013:googlealerts/feed:15652387870365191003','VID 2045 Jadi Pendukung Kolaborasi Kembangkan <b>Ekonomi</b> Digital Nasional - Kominfo','','2023-11-29T14:22:03Z','','Kementerian Komunikasi dan Informatika tengah mengembangkan kebijakan pendukung untuk mengembangkan <b>ekonomi</b> digital nasional. Wamenkominfo Nezar&nbsp;...','  ','tag:google.com,2005:reader/user/15184189448141550031/state/com.google/alerts/6717174291739697944'),('tag:google.com,2013:googlealerts/feed:15673761593036372762','Wapres: <b>Ekonomi</b> Syariah Jadi Penyeimbang dan Solusi Ketimpangan <b>Ekonomi</b> Global','','2023-11-29T12:33:22Z','','KabarAktual, Jakarta -- Ketidakstabilan dan perlambatan <b>ekonomi</b> dunia, serta semakin kuatnya persaingan global dan sistem <b>ekonomi</b> kapitalisme,&nbsp;...','  ','tag:google.com,2005:reader/user/15184189448141550031/state/com.google/alerts/6717174291739697944'),('tag:google.com,2013:googlealerts/feed:16149088429076139234','Jokowi Pernah Sebut Pemimpin Rambut Putih, Begini Respons Tokoh-tokoh <b>Politik</b> Setahun Lalu','','2023-11-29T11:20:58Z','','Setahun lalu Jokowi keluarkan pernyataan dukung pemimpin berambut putih, sinyal ke Ganjar? Berikut deretan respons para tokoh <b>politik</b> saat itu.','  ','tag:google.com,2005:reader/user/15184189448141550031/state/com.google/alerts/13992085059311248893'),('tag:google.com,2013:googlealerts/feed:16721149842788764777','[FULL] Pidato Presiden Jokowi di BI: Bangga! Pertumbuhan <b>Ekonomi</b> di Kisaran 5 Persen','','2023-11-29T13:30:38Z','','JAKARTA, KOMPASTV - Presiden Joko Widodo sampaikan pertumbuhan <b>ekonomi</b> Indonesia ada di kisaran 5 persen saat pidato di Pertemuan Tahunan Bank&nbsp;...','  ','tag:google.com,2005:reader/user/15184189448141550031/state/com.google/alerts/6717174291739697944'),('tag:google.com,2013:googlealerts/feed:1711613244173818953','Lampaui Ekspektasi, <b>Ekonomi</b> AS Melesat 5,2% di Kuartal III - CNBC Indonesia','','2023-11-29T14:31:28Z','','<b>Ekonomi</b> Amerika Serikat tumbuh sebesar 5,2% secara tahunan pada kuartal III-2023.','  ','tag:google.com,2005:reader/user/15184189448141550031/state/com.google/alerts/6717174291739697944'),('tag:google.com,2013:googlealerts/feed:17229095026273657579','Kejati Kepri Beri Penyuluhan <b>Hukum</b> Bagi Anggota TP-PKK dan Ibu Rumah Tangga','','2023-11-29T12:26:28Z','','Rabu, 29-11-2023 | 19:13 WIB | Penulis: Devi Handiani. Asisten Intelijen Kejaksaan Tinggi Kepri, Tengku Firdaus pimpin kegiatan penyuluhan <b>hukum</b> bagi&nbsp;...','  ','tag:google.com,2005:reader/user/15184189448141550031/state/com.google/alerts/3930286811085934833'),('tag:google.com,2013:googlealerts/feed:17451283572863213448','Petinggi BDO Legal Sebut Peningkatan Investor Bergantung pada Kepastian <b>Hukum</b>','','2023-11-29T12:54:32Z','','Penegakan <b>hukum</b> yang lemah dan tidak pasti menjadi salah satu hambatan utama bagi investor asing maupun domestik untuk berinvestasi di tanah air.','  ','tag:google.com,2005:reader/user/15184189448141550031/state/com.google/alerts/3930286811085934833'),('tag:google.com,2013:googlealerts/feed:17689001137266623191','Hindari Hoax dan Informasi Palsu Menjelang Pemilu 2024, Penyuluh <b>Hukum</b> Sosialisasikan ...','','2023-11-29T15:14:11Z','','Jakarta - Penyuluh <b>Hukum</b> Kantor Wilayah Kementerian <b>Hukum</b> dan HAM (Kanwil Kemenkumham) DKI Jakarta memberikan penyuluhan <b>hukum</b> kepada Ketua RT, RW&nbsp;...','  ','tag:google.com,2005:reader/user/15184189448141550031/state/com.google/alerts/3930286811085934833'),('tag:google.com,2013:googlealerts/feed:17843589766569995960','TKN terapkan <b>politik</b> harapan untuk gaet ceruk suara pemilih muda - Antaranews.com','','2023-11-29T15:11:45Z','','Jubir TKN Pemilih Muda Prabowo-Gibran Fanta HQ Dedek Prayudi mengatakan pihaknya akan akan melakukan kampanye <b>politik</b> yang menawarkan harapan&nbsp;...','  ','tag:google.com,2005:reader/user/15184189448141550031/state/com.google/alerts/13992085059311248893'),('tag:google.com,2013:googlealerts/feed:18338304542620658738','<b>Ekonomi</b> Pulih dan Meningkat. Kaltim Siap Hadapi Tantangan di Tahun Mendatang.','','2023-11-29T15:59:23Z','','Samarinda - Kondisi <b>ekonomi</b> di Kalimantan Tomur (Kaltim) terus pulih dan bertumbuh baik, serta meningkat. Diketahui, sepanjang tahun 2023,&nbsp;...','  ','tag:google.com,2005:reader/user/15184189448141550031/state/com.google/alerts/6717174291739697944'),('tag:google.com,2013:googlealerts/feed:2033441129115706614','Legal Outlook 2024: Peningkatan Investor Bergantung Pada Kepastian <b>Hukum</b> - Jawa Pos','','2023-11-29T10:12:52Z','','Penegakan <b>hukum</b> yang lemah dan tidak pasti menjadi salah satu hambatan utama bagi investor asing maupun domestik untuk berinvestasi.','  ','tag:google.com,2005:reader/user/15184189448141550031/state/com.google/alerts/3930286811085934833'),('tag:google.com,2013:googlealerts/feed:2538280462997431368','OECD: Asia Penyumbang Pertumbuhan <b>Ekonomi</b> Global Tahun Depan - Medcom.id','','2023-11-29T14:53:29Z','','OECD memproyeksikan pertumbuhan <b>ekonomi</b> global akan tetap moderat, dengan dampak pengetatan kebijakan moneter dan perdagangan yang lemah.','  ','tag:google.com,2005:reader/user/15184189448141550031/state/com.google/alerts/6717174291739697944'),('tag:google.com,2013:googlealerts/feed:2612889224707028135','Pakar <b>Politik</b> Sebut Prabowo Harus Tinggalkan Gimik Gemoy: Kembalilah ke Jati Diri','','2023-11-29T14:43:03Z','','Pakar <b>politik</b> Universitas Andalas, Asrinaldi menyebut bahwa gimik &quot;gemoy&quot; bisa menjadi bumerang bagi pasangan calon Prabowo Subianto-Gibran&nbsp;...','  ','tag:google.com,2005:reader/user/15184189448141550031/state/com.google/alerts/13992085059311248893'),('tag:google.com,2013:googlealerts/feed:3010423936933554573','Hadiri Sidang PBB, Menlu RI Minta Pertanggungjawaban Israel atas Pelanggaran <b>Hukum</b> ...','','2023-11-29T11:31:27Z','','&quot;Apakah yang dilakukan oleh Israel tidak melanggar <b>hukum</b> internasional? Tidak melanggar <b>hukum</b> humaniter internasional?&quot; Kata Retno dalam pernyataan&nbsp;...','  ','tag:google.com,2005:reader/user/15184189448141550031/state/com.google/alerts/3930286811085934833'),('tag:google.com,2013:googlealerts/feed:3061140854809972723','Jubir TKN Bantah soal Gibran Produk Dinasti: Itu <b>Politik</b> Klan - detikNews','','2023-11-29T13:03:47Z','','Juru bicara TKN Pemilih Muda Fanta HQ Prabowo-Gibran, Dedek Prayudi, membantah cawapres nomor urut 2 Gibran Rakabuming Raka sebagai produk <b>politik</b>&nbsp;...','  ','tag:google.com,2005:reader/user/15184189448141550031/state/com.google/alerts/13992085059311248893'),('tag:google.com,2013:googlealerts/feed:3169706854869940842','TKN Prabowo Sebut <b>Politik</b> Gemoy Bentuk Ajakan untuk Pemilih Muda - Jawa Pos','','2023-11-29T15:04:16Z','','JawaPos.com-Juru Bicara Tim Kampanye Nasional (TKN) Prabowo-Gibran, Dedek Prayudi, mengatakan bahwa <b>politik</b> gemoy merupakan bentuk ajakan kepada&nbsp;...','  ','tag:google.com,2005:reader/user/15184189448141550031/state/com.google/alerts/13992085059311248893'),('tag:google.com,2013:googlealerts/feed:3584324788515475746','Agung, Es Teh dan <b>Ekonomi</b> Kreatif - RMOL JATENG','','2023-11-29T12:44:04Z','','Mengambil judul &#39;<b>Ekonomi</b> Kreatif Kaum Muda&#39;, politisi asal Jakarta resmi meluncurkan buku karyanya di sebuah cafe di Semarang, Selasa (28/11) .','  ','tag:google.com,2005:reader/user/15184189448141550031/state/com.google/alerts/6717174291739697944'),('tag:google.com,2013:googlealerts/feed:4498400359874535245','Bos BI Proyeksikan Pertumbuhan <b>Ekonomi</b> RI jadi Segini di 2024 dan 2025 - Infobanknews','','2023-11-29T14:18:33Z','','Bank Indonesia (BI) memproyeksikan pertumbuhan <b>ekonomi</b> di tahun 2024 dan 2025 akan meningkat dibandingkan dengan tahun 2023.','  ','tag:google.com,2005:reader/user/15184189448141550031/state/com.google/alerts/6717174291739697944'),('tag:google.com,2013:googlealerts/feed:4542959673410211793','Firli Bahuri Ditetapkan Tersangka, KPK Tarik Pengawal dan Tak Beri Bantuan <b>Hukum</b>','','2023-11-29T13:04:20Z','','&quot;Dari hasil pembahasan, pimpinan KPK sepakat untuk tidak memberikan bantuan <b>hukum</b> terkait penyidikan perkara dugaan tindak pidana korupsi yang sedang&nbsp;...','  ','tag:google.com,2005:reader/user/15184189448141550031/state/com.google/alerts/3930286811085934833'),('tag:google.com,2013:googlealerts/feed:4797669454895276299','Gubernur Jatim : Kepala Desa dan Lurah jadi Mediator Persoalan <b>Hukum</b> Lini Bawah','','2023-11-29T13:21:36Z','','Selain itu hal lainnya, bagaimana tidak jarang persoalan kecil yang terjadi di sekolah dibawa hingga ke ranah <b>hukum</b>,&quot; tuturnya. Tetapi, jika kasus&nbsp;...','  ','tag:google.com,2005:reader/user/15184189448141550031/state/com.google/alerts/3930286811085934833'),('tag:google.com,2013:googlealerts/feed:5098106880119394808','Politik Uang dan Celah <b>Hukum</b> dalam Kampanye Pemilu – tandaseru.com | Penting Dibaca','','2023-11-29T10:25:02Z','','Apakah Bawaslu dapat meminimalisir praktik tersebut? Strategi apa yang mesti digunakan? Bentuk Celah <b>Hukum</b>. Secara normatif, sangat nampak adanya&nbsp;...','  ','tag:google.com,2005:reader/user/15184189448141550031/state/com.google/alerts/3930286811085934833'),('tag:google.com,2013:googlealerts/feed:5576703174497743840','Jokowi: Pembangunan IKN Ciptakan Titik Pertumbuhan <b>Ekonomi</b> Baru - Serikatnews.com','','2023-11-29T14:00:15Z','','Presiden Jokowi menegaskan bahwa pembangunan Ibu Kota Nusantara (IKN) bertujuan untuk menciptakan pemerataan penduduk dan pemerataan <b>ekonomi</b>.','  ','tag:google.com,2005:reader/user/15184189448141550031/state/com.google/alerts/6717174291739697944'),('tag:google.com,2013:googlealerts/feed:5694850361893952939','Optimalkan <b>Ekonomi</b> Digital, Menteri Budi Arie: Kominfo Siapkan Program Pendorong','','2023-11-29T13:20:12Z','','Kemajuan teknologi meningkatkan kontribusi sektor <b>ekonomi</b> digital dalam Pendapatan Domestik Bruto Indonesia sebesar 5,11% pada tahun 2022. Menteri&nbsp;...','  ','tag:google.com,2005:reader/user/15184189448141550031/state/com.google/alerts/6717174291739697944'),('tag:google.com,2013:googlealerts/feed:5762558774579491437','<b>Politik</b> Identitas Tetap Jadi Primadona Bahan Hoaks saat Pemilu 2024 - Liputan6.com','','2023-11-29T12:54:39Z','','Donny B. U dalam Virtual Class Cek Fakta Liputan6.com, Hoaks <b>Politik</b> Menggunakan AI Mengancam, Bagaimana Menangkalnya?. Advertisement.','  ','tag:google.com,2005:reader/user/15184189448141550031/state/com.google/alerts/13992085059311248893'),('tag:google.com,2013:googlealerts/feed:5955929462467311950','Jokowi: RI Harus Bangga dengan Pertumbuhan <b>Ekonomi</b> 5 Persen, Ini Alasannya','','2023-11-29T14:30:31Z','','Presiden Joko Widodo (Jokowi) mengungkapkan kalau pertumbuhan <b>ekonomi</b> saat ini patut dibanggakan oleh masyarakat Indonesia.','  ','tag:google.com,2005:reader/user/15184189448141550031/state/com.google/alerts/6717174291739697944'),('tag:google.com,2013:googlealerts/feed:6074214842677158099','Bos BI Sebut Prospek <b>Ekonomi</b> Global 2024 Masih Redup, Melambat ke 2,8% - Bisnis.com','','2023-11-29T13:01:47Z','','Risiko utama <b>ekonomi</b> global 2024 disebabkan oleh perang Rusia dan Ukraina, perang dagang China dan Amerika Serikat, serta konflik antara Israel&nbsp;...','  ','tag:google.com,2005:reader/user/15184189448141550031/state/com.google/alerts/6717174291739697944'),('tag:google.com,2013:googlealerts/feed:609448809069985439','Deretan Informasi Viral Seputar <b>Politik</b> Uang, Hoaks atau Fakta? - Liputan6.com','','2023-11-29T14:58:41Z','','Cek Fakta Liputan6.com telah menelusuri sejumlah seputar praktik <b>politik</b> uang menjelang Pemilu 2024.','  ','tag:google.com,2005:reader/user/15184189448141550031/state/com.google/alerts/13992085059311248893'),('tag:google.com,2013:googlealerts/feed:6520772296763570398','Jadi Guru Besar UIN Jakarta, Burhanuddin Muhtadi Singgung <b>Politik</b> Uang','','2023-11-29T11:47:34Z','','&quot;Mereka enggan membidik pemilih mengambang karena menganggap menerima uang, tapi soal memilih, tidak bisa diandalkan,&quot; ujarnya. Burhanuddin mengakui&nbsp;...','  ','tag:google.com,2005:reader/user/15184189448141550031/state/com.google/alerts/13992085059311248893'),('tag:google.com,2013:googlealerts/feed:6612358401517347177','Jagung Jadi Simbol, Mahasiswa Gelar Mimbar Kerakyatan: <b>Hukum</b> Kehilangan Independensi','','2023-11-29T12:11:16Z','','<b>Hukum</b> kehilangan independensi dan kewibawaannya sebagai alat untuk mewujudkan keadilan - Yogya - Okezone News.','  ','tag:google.com,2005:reader/user/15184189448141550031/state/com.google/alerts/3930286811085934833'),('tag:google.com,2013:googlealerts/feed:6891852861513752015','Jadi Guru Besar UIN Jakarta, Burhanuddin Muhtadi singgung <b>politik</b> uang - Antaranews.com','','2023-11-29T13:12:04Z','','Direktur Eksekutif Indikator <b>Politik</b> Indonesia Burhanuddin Muhtadi menyinggung soal <b>politik</b> uang saat dikukuhkan menjadi Guru Besar bidang Ilmu&nbsp;...','  ','tag:google.com,2005:reader/user/15184189448141550031/state/com.google/alerts/13992085059311248893'),('tag:google.com,2013:googlealerts/feed:7094067983518900262','DPRD MoU dengan Kejari Sumbawa Besar tentang Penanganan <b>Hukum</b> Perdata dan Tata ...','','2023-11-29T10:12:36Z','','Dijelaskannya, penandatanganan kerjasama bidang <b>hukum</b> perdata dan tata usaha negara antara DPRD Kabupaten Sumbawa dengan Kejaksaan Negeri Sumbawa&nbsp;...','  ','tag:google.com,2005:reader/user/15184189448141550031/state/com.google/alerts/3930286811085934833'),('tag:google.com,2013:googlealerts/feed:7260957547255083681','Dipicu Pertengkaran Hingga Masalah <b>Ekonomi</b>, Banyak Istri Gugat Cerai Suami di Aceh Timur','','2023-11-29T13:47:21Z','','... <b>ekonomi</b> tidak cukup nafkah dan kebutuhan,” ungkap Saifuddin. Laporan Maulidi Alfata | Aceh Timur. SERAMBINEWS.COM, ACEH TIMUR - Mahkamah Syariah&nbsp;...','  ','tag:google.com,2005:reader/user/15184189448141550031/state/com.google/alerts/6717174291739697944'),('tag:google.com,2013:googlealerts/feed:7335044791391065298','OECD Proyeksi <b>Ekonomi</b> Global Melambat Jadi 2,7% di 2024 - Bisnis.com','','2023-11-29T15:30:30Z','','Berdasarkan OECD Economic Outlook terbaru, pertumbuhan <b>ekonomi</b> global diperkirakan melambat dari 2,9% tahun ini menjadi 2,7% pada 2024.','  ','tag:google.com,2005:reader/user/15184189448141550031/state/com.google/alerts/6717174291739697944'),('tag:google.com,2013:googlealerts/feed:7426158547707228618','<b>Ekonomi</b> RI Berharap Ketiban Berkah dari Hajatan Politik - YouTube','','2023-11-29T12:57:43Z','','pergerakan <b>ekonomi</b> setiap memasuki tahun politik, dan apakah ajang ... <b>ekonomi</b> #politik #pemilu2024 #kampanye Ikuti terus perkembangan berita&nbsp;...','  ','tag:google.com,2005:reader/user/15184189448141550031/state/com.google/alerts/6717174291739697944'),('tag:google.com,2013:googlealerts/feed:758448357513975954','Menkum HAM RI Resmikan 61 Desa/Kelurahan Sadar <b>Hukum</b> di Kalbar - Suara Sanggau','','2023-11-29T12:25:22Z','','Kepala Kantor Wilayah Kementerin <b>Hukum</b> dan HAM Kalimantan Barat Muhammad Tito Andrianto. Tito ,mengawali sambutannya mengatakan,Sejak tahun 2011&nbsp;...','  ','tag:google.com,2005:reader/user/15184189448141550031/state/com.google/alerts/3930286811085934833'),('tag:google.com,2013:googlealerts/feed:7918261310379902401','Begini Tanggapan Eks Kabag <b>Hukum</b> Halsel Soal Sengketa Pilkades - Haliyora.id','','2023-11-29T12:04:03Z','','Labuha, Maluku Utara- Mantan Kabag <b>Hukum</b> Setda Kabupaten Halmahera Selatan, Rusdi Hasan buka suara terkait tahapan persidangan dalam gugatan&nbsp;...','  ','tag:google.com,2005:reader/user/15184189448141550031/state/com.google/alerts/3930286811085934833'),('tag:google.com,2013:googlealerts/feed:840906080621705373','Fuqaha Adalah Ahli <b>Hukum</b> Islam, Ketahui Definisi dan Tokoh-Tokohnya - Hot Liputan6.com','','2023-11-29T12:47:19Z','','Secara bahasa, fuqaha yang berasal dari bahasa Arab ini memiliki arti yakni ahli fiqih atau ahli <b>hukum</b> Islam. Sedangkan secara istilah, kata fuqaha&nbsp;...','  ','tag:google.com,2005:reader/user/15184189448141550031/state/com.google/alerts/3930286811085934833'),('tag:google.com,2013:googlealerts/feed:8615381666297832048','Jokowi Pamer <b>Ekonomi</b> RI Tumbuh 5% ke Kepala Negara Lain: Bangga Banget!','','2023-11-29T14:50:12Z','','Presiden Joko Widodo (Jokowi) memamerkan pertumbuhan <b>ekonomi</b> Indonesia yang stabil. Menurutnya, pertumbuhan <b>ekonomi</b> Indonesia stabil di kisaran&nbsp;...','  ','tag:google.com,2005:reader/user/15184189448141550031/state/com.google/alerts/6717174291739697944'),('tag:google.com,2013:googlealerts/feed:9533771435553455267','Pembahasan APBA Perlu Libatkan Aparat Penegak <b>Hukum</b> - AJNN.net','','2023-11-29T16:30:42Z','','... <b>hukum</b>. Seperti Komisi Pemberantas Korupsi (KPK) hingga kejaksaan. “Ini selalu mengatasnamakan rakyat, tidak terbuka. Biar bagus ke depan, libatkan&nbsp;...','  ','tag:google.com,2005:reader/user/15184189448141550031/state/com.google/alerts/3930286811085934833');

#
# Structure for table "kategori_2211501388"
#

DROP TABLE IF EXISTS `kategori_2211501388`;
CREATE TABLE `kategori_2211501388` (
  `id_kategori` int(11) unsigned NOT NULL AUTO_INCREMENT,
  `nm_kategori` varchar(50) NOT NULL DEFAULT '',
  PRIMARY KEY (`id_kategori`)
) ENGINE=InnoDB DEFAULT CHARSET=utf8mb4 COLLATE=utf8mb4_general_ci;

#
# Data for table "kategori_2211501388"
#

INSERT INTO `kategori_2211501388` VALUES (1,'Ekonomi'),(2,'Hukum'),(3,'Politik');

#
# Structure for table "preprocessing_2211501388"
#

DROP TABLE IF EXISTS `preprocessing_2211501388`;
CREATE TABLE `preprocessing_2211501388` (
  `entry_id` varchar(300) NOT NULL,
  `p_cf` tinytext NOT NULL,
  `p_simbol` tinytext NOT NULL,
  `p_sword` tinytext NOT NULL,
  `p_stopword` tinytext NOT NULL,
  `p_stemming` tinytext NOT NULL,
  `p_tokenisasi` tinytext NOT NULL,
  `data_bersih` tinytext NOT NULL,
  `id_kategori` int(11) DEFAULT NULL,
  PRIMARY KEY (`entry_id`)
) ENGINE=InnoDB DEFAULT CHARSET=utf8mb4 COLLATE=utf8mb4_general_ci;

#
# Data for table "preprocessing_2211501388"
#

INSERT INTO `preprocessing_2211501388` VALUES ('tag:google.com,2013:googlealerts/feed:10063905992602053289','di sisi lain, masyarakat harus tetap kritis terhadap pelaksaanaan pemilu, agar berkualitas dan legitimate dalam mekanisme pengelolaan/pergantian&nbsp;...','di sisi lain masyarakat harus tetap kritis terhadap pelaksaanaan pemilu agar berkualitas dan legitimate dalam mekanisme pengelolaanpergantiannbsp','di sisi lain masyarakat harus tetap kritis terhadap pelaksaanaan pemilu agar berkwalitas\r dan legitimate dalam mekanisme pengelolaanpergantiannbsp','sisi masyarakat tetap kritis pelaksaanaan pemilu berkwalitas\r legitimate mekanisme pengelolaanpergantiannbsp','sisi masyarakat tetap kritis pelaksaanaan milu berkwalitas legitimate mekanisme pengelolaanpergantiannbsp','sisi, masyarakat, tetap, kritis, pelaksaanaan, milu, berkwalitas, legitimate, mekanisme, pengelolaanpergantiannbsp','sisi masyarakat tetap kritis pelaksaanaan milu berkwalitas legitimate mekanisme pengelolaanpergantiannbsp',3),('tag:google.com,2013:googlealerts/feed:10555888205539765491','lembaga asistensi pemerintah dalam negeri (lapdn) mengadakan kegiatan seminar peran pemerintah daerah dalam menjaga stabilitas <b>politik</b>.','lembaga asistensi pemerintah dalam negeri lapdn mengadakan kegiatan seminar peran pemerintah daerah dalam menjaga stabilitas bpolitikb','lembaga asistensi pemerintah dalam negri\r lapdn mengadakan kegiatan seminar peran pemerintah daerah dalam menjaga stabilitas bpolitikb','lembaga asistensi pemerintah negri\r lapdn mengadakan kegiatan seminar peran pemerintah daerah menjaga stabilitas bpolitikb','lembaga asistensi perintah negri lapdn ada giat seminar peran perintah daerah jaga stabilitas bpolitikb','lembaga, asistensi, perintah, negri, lapdn, ada, giat, seminar, peran, perintah, daerah, jaga, stabilitas, bpolitikb','lembaga asistensi perintah negri lapdn ada giat seminar peran perintah daerah jaga stabilitas bpolitikb',3),('tag:google.com,2013:googlealerts/feed:10972229375786034792','... <b>ekonomi</b> nasional sebesar 5,2 persen dan inflasi terjaga di 2,8 persen. bea cukai sebagai bagian dari kemenkeu turut mengemban amanat pendapatan&nbsp;...',' bekonomib nasional sebesar  persen dan inflasi terjaga di  persen bea cukai sebagai bagian dari kemenkeu turut mengemban amanat pendapatannbsp',' bekonomib nasional sebesar  persen dan inflasi terjaga di  persen bea cukai sebagai bagian dari kemenkeu turut mengemban amanat pendapatannbsp',' bekonomib nasional sebesar  persen inflasi terjaga  persen bea cukai bagian kemenkeu turut mengemban amanat pendapatannbsp','bekonomib nasional besar persen inflasi jaga persen bea cukai bagi kemenkeu turut emban amanat pendapatannbsp','bekonomib, nasional, besar, persen, inflasi, jaga, persen, bea, cukai, bagi, kemenkeu, turut, emban, amanat, pendapatannbsp','bekonomib nasional besar persen inflasi jaga persen bea cukai bagi kemenkeu turut emban amanat pendapatannbsp',1),('tag:google.com,2013:googlealerts/feed:11312093776193431980','mk menegaskan putusan batas usia capres dan cawapres tak cacat <b>hukum</b>. hal ini merujuk pertimbangan putusan majelis kehormatan mahkamah konstitusi.','mk menegaskan putusan batas usia capres dan cawapres tak cacat bhukumb hal ini merujuk pertimbangan putusan majelis kehormatan mahkamah konstitusi','mk menegaskan putusan batas usia capres dan cawapres tak cacat bhukumb hal ini merujuk pertimbangan putusan majelis kehormatan mahkamah konstitusi','mk menegaskan putusan batas usia capres cawapres cacat bhukumb merujuk pertimbangan putusan majelis kehormatan mahkamah konstitusi','mk tegas putus batas usia capres cawapres cacat bhukumb rujuk timbang putus majelis hormat mahkamah konstitusi','mk, tegas, putus, batas, usia, capres, cawapres, cacat, bhukumb, rujuk, timbang, putus, majelis, hormat, mahkamah, konstitusi','mk tegas putus batas usia capres cawapres cacat bhukumb rujuk timbang putus majelis hormat mahkamah konstitusi',2),('tag:google.com,2013:googlealerts/feed:11639841862512244983','penjabat atau pj bupati katingan, saiful menegaskan semua aparatur sipil negara atau asn yang di daerahnya harus menghindari <b>politik</b> praktis.','penjabat atau pj bupati katingan saiful menegaskan semua aparatur sipil negara atau asn yang di daerahnya harus menghindari bpolitikb praktis','penjabat atau pj bupati katingan saiful menegaskan semua aparatur sipil negara atau asn yang di daerahnya harus menghindari bpolitikb praktis','penjabat pj bupati katingan saiful menegaskan aparatur sipil negara asn daerahnya menghindari bpolitikb praktis','jabat pj bupati katingan saiful tegas aparatur sipil negara asn daerah hindar bpolitikb praktis','jabat, pj, bupati, katingan, saiful, tegas, aparatur, sipil, negara, asn, daerah, hindar, bpolitikb, praktis','jabat pj bupati katingan saiful tegas aparatur sipil negara asn daerah hindar bpolitikb praktis',3),('tag:google.com,2013:googlealerts/feed:11726690562642583593','pertumbuhan <b>ekonomi</b> indonesia diproyeksikan meningkat pada 2025 dengan kisaran 4,8 sampai 5,6 persen pada 2025.','pertumbuhan bekonomib indonesia diproyeksikan meningkat pada  dengan kisaran  sampai  persen pada ','pertumbuhan bekonomib indonesia diproyeksikan meningkat pada  dengan kisaran  sampai  persen pada ','pertumbuhan bekonomib indonesia diproyeksikan meningkat  kisaran   persen ','tumbuh bekonomib indonesia proyeksi tingkat kisar persen','tumbuh, bekonomib, indonesia, proyeksi, tingkat, kisar, persen','tumbuh bekonomib indonesia proyeksi tingkat kisar persen',1),('tag:google.com,2013:googlealerts/feed:12144571590728049560','wakil kapten tim nasional pemenangan anies baswedan-muhaimin iskandar (amin) sudirman said meyakini bahwa pemilih dari generasi muda menginginkan&nbsp;...','wakil kapten tim nasional pemenangan anies baswedanmuhaimin iskandar amin sudirman said meyakini bahwa pemilih dari generasi muda menginginkannbsp','wakil kapten tim nasional pemenangan anies baswedanmuhaimin iskandar amin sudirman said meyakini bahwa pemilih dari generasi muda menginginkannbsp','wakil kapten tim nasional pemenangan anies baswedanmuhaimin iskandar amin sudirman said meyakini pemilih generasi muda menginginkannbsp','wakil kapten tim nasional menang anies baswedanmuhaimin iskandar amin sudirman said yakin pilih generasi muda menginginkannbsp','wakil, kapten, tim, nasional, menang, anies, baswedanmuhaimin, iskandar, amin, sudirman, said, yakin, pilih, generasi, muda, menginginkannbsp','wakil kapten tim nasional menang anies baswedanmuhaimin iskandar amin sudirman said yakin pilih generasi muda menginginkannbsp',3),('tag:google.com,2013:googlealerts/feed:12408504112101199073','ketua badan pengawasan pemilihan umum (bawaslu) mahbrur menyebut <b>politik</b> uang masuk dalam kategori pidana pemilu. tidak sekadar pelanggaran dalam&nbsp;...','ketua badan pengawasan pemilihan umum bawaslu mahbrur menyebut bpolitikb uang masuk dalam kategori pidana pemilu tidak sekadar pelanggaran dalamnbsp','ketua badan pengawasan pemilihan umum bawaslu mahbrur menyebut bpolitikb uang masuk dalam katagori\r pidana pemilu tidak sekedar\r pelanggaran dalamnbsp','ketua badan pengawasan pemilihan umum bawaslu mahbrur menyebut bpolitikb uang masuk katagori\r pidana pemilu sekedar\r pelanggaran dalamnbsp','ketua badan awas pilih umum bawaslu mahbrur sebut bpolitikb uang masuk katagori pidana milu dar langgar dalamnbsp','ketua, badan, awas, pilih, umum, bawaslu, mahbrur, sebut, bpolitikb, uang, masuk, katagori, pidana, milu, dar, langgar, dalamnbsp','ketua badan awas pilih umum bawaslu mahbrur sebut bpolitikb uang masuk katagori pidana milu dar langgar dalamnbsp',3),('tag:google.com,2013:googlealerts/feed:12715026975662605480','jakarta, kompas.com - ketua tim kampanye nasional (tkn) prabowo subianto-gibran rakabuming raka, rosan perkasa roeslani memastikan prabowo dan&nbsp;...','jakarta kompascom  ketua tim kampanye nasional tkn prabowo subiantogibran rakabuming raka rosan perkasa roeslani memastikan prabowo dannbsp','jakarta kompascom  ketua tim kampanye nasional tkn prabowo subiantogibran rakabuming raka rosan perkasa roeslani memastikan prabowo dannbsp','jakarta kompascom  ketua tim kampanye nasional tkn prabowo subiantogibran rakabuming raka rosan perkasa roeslani memastikan prabowo dannbsp','jakarta kompascom ketua tim kampanye nasional tkn prabowo subiantogibran rakabuming raka ros perkasa roeslani pasti prabowo dannbsp','jakarta, kompascom, ketua, tim, kampanye, nasional, tkn, prabowo, subiantogibran, rakabuming, raka, ros, perkasa, roeslani, pasti, prabowo, dannbsp','jakarta kompascom ketua tim kampanye nasional tkn prabowo subiantogibran rakabuming raka ros perkasa roeslani pasti prabowo dannbsp',3),('tag:google.com,2013:googlealerts/feed:12752717819548839993','belum ada titik cerah dari <b>ekonomi</b> 2024. dunia masih diliputi ketidakpastian yang tinggi. apa saja penyebabnya?','belum ada titik cerah dari bekonomib  dunia masih diliputi ketidakpastian yang tinggi apa saja penyebabnya','belum ada titik cerah dari bekonomib  dunia masih diliputi ketidakpastian yang tinggi apa saja penyebabnya','titik cerah bekonomib  dunia diliputi ketidakpastian tinggi penyebabnya','titik cerah bekonomib dunia liput ketidakpastian tinggi sebab','titik, cerah, bekonomib, dunia, liput, ketidakpastian, tinggi, sebab','titik cerah bekonomib dunia liput ketidakpastian tinggi sebab',1),('tag:google.com,2013:googlealerts/feed:12834380436955108365','berawal dari tersangkut kasus <b>hukum</b>, didik pramono memutuskan untuk maju jadi calon legislatif (caleg) pada pemilu 2024.','berawal dari tersangkut kasus bhukumb didik pramono memutuskan untuk maju jadi calon legislatif caleg pada pemilu ','berawal dari tersangkut kasus bhukumb didik pramono memutuskan untuk maju jadi calon legislatif caleg pada pemilu ','berawal tersangkut kasus bhukumb didik pramono memutuskan maju jadi calon legislatif caleg pemilu ','awal sangkut kasus bhukumb didik pramono putus maju jadi calon legislatif caleg milu','awal, sangkut, kasus, bhukumb, didik, pramono, putus, maju, jadi, calon, legislatif, caleg, milu','awal sangkut kasus bhukumb didik pramono putus maju jadi calon legislatif caleg milu',2),('tag:google.com,2013:googlealerts/feed:13432363054767433143','mengenai <b>hukum</b> pengantin menunaikan ibadah shalat dengan kondisi wajah masih mengenakan riasan atau make up telah dijelaskan buya yahya dalam&nbsp;...','mengenai bhukumb pengantin menunaikan ibadah shalat dengan kondisi wajah masih mengenakan riasan atau make up telah dijelaskan buya yahya dalamnbsp','mengenai bhukumb pengantin menunaikan ibadah shalat dengan kondisi wajah masih mengenakan riasan atau make up telah dijelaskan buya yahya dalamnbsp','mengenai bhukumb pengantin menunaikan ibadah shalat kondisi wajah mengenakan riasan make up dijelaskan buya yahya dalamnbsp','kena bhukumb pengantin tunai ibadah shalat kondisi wajah kena rias make up jelas buya yahya dalamnbsp','kena, bhukumb, pengantin, tunai, ibadah, shalat, kondisi, wajah, kena, rias, make, up, jelas, buya, yahya, dalamnbsp','kena bhukumb pengantin tunai ibadah shalat kondisi wajah kena rias make up jelas buya yahya dalamnbsp',2),('tag:google.com,2013:googlealerts/feed:13484399285210256240','calon presiden (capres) nomor urut 1 anies baswedan memilih untuk tidak memberikan nilai terhadap penegakan <b>hukum</b> di masa kepemimpinan presiden&nbsp;...','calon presiden capres nomor urut  anies baswedan memilih untuk tidak memberikan nilai terhadap penegakan bhukumb di masa kepemimpinan presidennbsp','calon presiden capres nomer\r urut  anies baswedan memilih untuk tidak memberikan nilai terhadap penegakan bhukumb di masa kepemimpinan presidennbsp','calon presiden capres nomer\r urut  anies baswedan memilih memberikan nilai penegakan bhukumb masa kepemimpinan presidennbsp','calon presiden capres nomer urut anies baswedan pilih beri nilai tega bhukumb masa pimpin presidennbsp','calon, presiden, capres, nomer, urut, anies, baswedan, pilih, beri, nilai, tega, bhukumb, masa, pimpin, presidennbsp','calon presiden capres nomer urut anies baswedan pilih beri nilai tega bhukumb masa pimpin presidennbsp',2),('tag:google.com,2013:googlealerts/feed:1351059097429109192','sekjen psi raja juli antoni menanggapi kritik pks soal ada pihak lain yang mengedepankan gimik <b>politik</b> &#39;santuy&#39; dan &#39;gemoy&#39; sehingga membuat tak&nbsp;...','sekjen psi raja juli antoni menanggapi kritik pks soal ada pihak lain yang mengedepankan gimik bpolitikb santuy dan gemoy sehingga membuat taknbsp','sekjen psi raja juli antoni menanggapi kritik pks soal ada pihak lain yang mengedepankan gimik bpolitikb santuy dan gemoy sehingga membuat taknbsp','sekjen psi raja juli antoni menanggapi kritik pks soal pihak mengedepankan gimik bpolitikb santuy gemoy membuat taknbsp','sekjen psi raja juli antoni tanggap kritik pks soal pihak depan gimik bpolitikb santuy gemoy buat taknbsp','sekjen, psi, raja, juli, antoni, tanggap, kritik, pks, soal, pihak, depan, gimik, bpolitikb, santuy, gemoy, buat, taknbsp','sekjen psi raja juli antoni tanggap kritik pks soal pihak depan gimik bpolitikb santuy gemoy buat taknbsp',3),('tag:google.com,2013:googlealerts/feed:13680287492515588413','kota gorontalo, infopublik – sejak menjelang pelaksanaan tahun <b>politik</b> pencalonan kandidat sudah marak dilakukan, dorongan keterlibatan perempuan&nbsp;...','kota gorontalo infopublik  sejak menjelang pelaksanaan tahun bpolitikb pencalonan kandidat sudah marak dilakukan dorongan keterlibatan perempuannbsp','kota gorontalo infopublik  sejak menjelang pelaksanaan tahun bpolitikb pencalonan kandidat sudah marak dilakukan dorongan keterlibatan perempuannbsp','kota gorontalo infopublik  menjelang pelaksanaan tahun bpolitikb pencalonan kandidat marak dilakukan dorongan keterlibatan perempuannbsp','kota gorontalo infopublik jelang laksana tahun bpolitikb calon kandidat marak laku dorong libat perempuannbsp','kota, gorontalo, infopublik, jelang, laksana, tahun, bpolitikb, calon, kandidat, marak, laku, dorong, libat, perempuannbsp','kota gorontalo infopublik jelang laksana tahun bpolitikb calon kandidat marak laku dorong libat perempuannbsp',3),('tag:google.com,2013:googlealerts/feed:13940973327429331774','kukar rabu (229/11/2023) anggota bhabinkamtibmas desa gunung sari dan long lalang polsek tabang brigpol nur fatah patroli warga binaan agar selalu&nbsp;...','kukar rabu  anggota bhabinkamtibmas desa gunung sari dan long lalang polsek tabang brigpol nur fatah patroli warga binaan agar selalunbsp','kukar rabu  anggota bhabinkamtibmas desa gunung sari dan long lalang polsek tabang brigpol nur fatah patroli warga binaan agar selalunbsp','kukar rabu  anggota bhabinkamtibmas desa gunung sari long lalang polsek tabang brigpol nur fatah patroli warga binaan selalunbsp','kukar rabu anggota bhabinkamtibmas desa gunung sari long lalang polsek tabang brigpol nur fatah patroli warga bina selalunbsp','kukar, rabu, anggota, bhabinkamtibmas, desa, gunung, sari, long, lalang, polsek, tabang, brigpol, nur, fatah, patroli, warga, bina, selalunbsp','kukar rabu anggota bhabinkamtibmas desa gunung sari long lalang polsek tabang brigpol nur fatah patroli warga bina selalunbsp',2),('tag:google.com,2013:googlealerts/feed:1408567608900132945','<b>hukum</b> ini dikategorikan menjadi <b>hukum</b> tertulis yang dikodifikasi dan yang tidak dikodifikasi. contohnya adalah keppres, kuhp, kuhap, dan lainnya. 2.','bhukumb ini dikategorikan menjadi bhukumb tertulis yang dikodifikasi dan yang tidak dikodifikasi contohnya adalah keppres kuhp kuhap dan lainnya ','bhukumb ini dikategorikan menjadi bhukumb tertulis yang dikodifikasi dan yang tidak dikodifikasi contohnya adalah keppres kuhp kuhap dan lainnya ','bhukumb dikategorikan menjadi bhukumb tertulis dikodifikasi dikodifikasi contohnya keppres kuhp kuhap ','bhukumb kategori jadi bhukumb tulis kodifikasi kodifikasi contoh keppres kuhp hap','bhukumb, kategori, jadi, bhukumb, tulis, kodifikasi, kodifikasi, contoh, keppres, kuhp, hap','bhukumb kategori jadi bhukumb tulis kodifikasi kodifikasi contoh keppres kuhp hap',2),('tag:google.com,2013:googlealerts/feed:14355227250024185793','&quot;pada 2014 dan 2019 saya menemukan sekitar 33 persen pemilih terlibat dalam praktik jual beli suara. dengan kata lain, 1 dari 3 orang indonesia,&nbsp;...','quotpada  dan  saya menemukan sekitar  persen pemilih terlibat dalam praktik jual beli suara dengan kata lain  dari  orang indonesianbsp','quotpada  dan  saya menemukan sekitar  persen pemilih terlibat dalam praktik jual beli suara dengan kata lain  dari  orang indonesianbsp','quotpada   menemukan  persen pemilih terlibat praktik jual beli suara   orang indonesianbsp','quotpada temu persen pilih libat praktik jual beli suara orang indonesianbsp','quotpada, temu, persen, pilih, libat, praktik, jual, beli, suara, orang, indonesianbsp','quotpada temu persen pilih libat praktik jual beli suara orang indonesianbsp',3),('tag:google.com,2013:googlealerts/feed:14598124720453810800','tandaseru — wakil rektor iii bidang kerja sama, kemahasiswaan, dan alumni universitas khairun ternate, provinsi maluku utara, abdul kadir kamalu.','tandaseru  wakil rektor iii bidang kerja sama kemahasiswaan dan alumni universitas khairun ternate provinsi maluku utara abdul kadir kamalu','tandaseru  wakil rektor iii bidang kerja sama kemahasiswaan dan alumni universitas khairun ternate propinsi\r maluku utara abdul kadir kamalu','tandaseru  wakil rektor iii bidang kerja kemahasiswaan alumni universitas khairun ternate propinsi\r maluku utara abdul kadir kamalu','tandaseru wakil rektor iii bidang kerja mahasiswa alumni universitas khairun ternate propinsi malu utara abdul kadir kamalu','tandaseru, wakil, rektor, iii, bidang, kerja, mahasiswa, alumni, universitas, khairun, ternate, propinsi, malu, utara, abdul, kadir, kamalu','tandaseru wakil rektor iii bidang kerja mahasiswa alumni universitas khairun ternate propinsi malu utara abdul kadir kamalu',3),('tag:google.com,2013:googlealerts/feed:15102021237963796051','bahkan bsi tetap mampu tumbuh di atas industri perbankan nasional di tengah kondisi <b>ekonomi</b> yang tidak menentu dan penuh tantangan. hal ini&nbsp;...','bahkan bsi tetap mampu tumbuh di atas industri perbankan nasional di tengah kondisi bekonomib yang tidak menentu dan penuh tantangan hal ininbsp','bahkan bsi tetap mampu tumbuh di atas industri perbankan nasional di tengah kondisi bekonomib yang tidak menentu dan penuh tantangan hal ininbsp','bsi tetap tumbuh atas industri perbankan nasional tengah kondisi bekonomib menentu penuh tantangan ininbsp','bsi tetap tumbuh atas industri perban nasional tengah kondisi bekonomib tentu penuh tantang ininbsp','bsi, tetap, tumbuh, atas, industri, perban, nasional, tengah, kondisi, bekonomib, tentu, penuh, tantang, ininbsp','bsi tetap tumbuh atas industri perban nasional tengah kondisi bekonomib tentu penuh tantang ininbsp',1),('tag:google.com,2013:googlealerts/feed:15391203948574473811','direktur eksekutif indikator <b>politik</b> indonesia burhanuddin muhtadi resmi menjadi guru besar ilmu <b>politik</b> uin syarif hidayatullah jakarta.','direktur eksekutif indikator bpolitikb indonesia burhanuddin muhtadi resmi menjadi guru besar ilmu bpolitikb uin syarif hidayatullah jakarta','direktur eksekutif indikator bpolitikb indonesia burhanuddin muhtadi resmi menjadi guru besar ilmu bpolitikb uin syarif hidayatullah jakarta','direktur eksekutif indikator bpolitikb indonesia burhanuddin muhtadi resmi menjadi guru besar ilmu bpolitikb uin syarif hidayatullah jakarta','direktur eksekutif indikator bpolitikb indonesia burhanuddin muhtadi resmi jadi guru besar ilmu bpolitikb uin syarif hidayatullah jakarta','direktur, eksekutif, indikator, bpolitikb, indonesia, burhanuddin, muhtadi, resmi, jadi, guru, besar, ilmu, bpolitikb, uin, syarif, hidayatullah, jakarta','direktur eksekutif indikator bpolitikb indonesia burhanuddin muhtadi resmi jadi guru besar ilmu bpolitikb uin syarif hidayatullah jakarta',3),('tag:google.com,2013:googlealerts/feed:15652387870365191003','kementerian komunikasi dan informatika tengah mengembangkan kebijakan pendukung untuk mengembangkan <b>ekonomi</b> digital nasional. wamenkominfo nezar&nbsp;...','kementerian komunikasi dan informatika tengah mengembangkan kebijakan pendukung untuk mengembangkan bekonomib digital nasional wamenkominfo nezarnbsp','kementerian komunikasi dan informatika tengah mengembangkan kebijakan pendukung untuk mengembangkan bekonomib digital nasional wamenkominfo nezarnbsp','kementerian komunikasi informatika tengah mengembangkan kebijakan pendukung mengembangkan bekonomib digital nasional wamenkominfo nezarnbsp','menteri komunikasi informatika tengah kembang bijak dukung kembang bekonomib digital nasional wamenkominfo nezarnbsp','menteri, komunikasi, informatika, tengah, kembang, bijak, dukung, kembang, bekonomib, digital, nasional, wamenkominfo, nezarnbsp','menteri komunikasi informatika tengah kembang bijak dukung kembang bekonomib digital nasional wamenkominfo nezarnbsp',1),('tag:google.com,2013:googlealerts/feed:15673761593036372762','kabaraktual, jakarta -- ketidakstabilan dan perlambatan <b>ekonomi</b> dunia, serta semakin kuatnya persaingan global dan sistem <b>ekonomi</b> kapitalisme,&nbsp;...','kabaraktual jakarta  ketidakstabilan dan perlambatan bekonomib dunia serta semakin kuatnya persaingan global dan sistem bekonomib kapitalismenbsp','kabaraktual jakarta  ketidakstabilan dan perlambatan bekonomib dunia serta semakin kuatnya persaingan global dan sistem bekonomib kapitalismenbsp','kabaraktual jakarta  ketidakstabilan perlambatan bekonomib dunia kuatnya persaingan global sistem bekonomib kapitalismenbsp','kabaraktual jakarta ketidakstabilan lambat bekonomib dunia kuat saing global sistem bekonomib kapitalismenbsp','kabaraktual, jakarta, ketidakstabilan, lambat, bekonomib, dunia, kuat, saing, global, sistem, bekonomib, kapitalismenbsp','kabaraktual jakarta ketidakstabilan lambat bekonomib dunia kuat saing global sistem bekonomib kapitalismenbsp',1),('tag:google.com,2013:googlealerts/feed:16149088429076139234','setahun lalu jokowi keluarkan pernyataan dukung pemimpin berambut putih, sinyal ke ganjar? berikut deretan respons para tokoh <b>politik</b> saat itu.','setahun lalu jokowi keluarkan pernyataan dukung pemimpin berambut putih sinyal ke ganjar berikut deretan respons para tokoh bpolitikb saat itu','setahun lalu jokowi keluarkan pernyataan dukung pemimpin berambut putih sinyal ke ganjar berikut deretan respon\r para tokoh bpolitikb saat itu','setahun jokowi keluarkan pernyataan dukung pemimpin berambut putih sinyal ganjar berikut deretan respon\r tokoh bpolitikb','tahun jokowi keluar nyata dukung pimpin rambut putih sinyal ganjar ikut deret respon tokoh bpolitikb','tahun, jokowi, keluar, nyata, dukung, pimpin, rambut, putih, sinyal, ganjar, ikut, deret, respon, tokoh, bpolitikb','tahun jokowi keluar nyata dukung pimpin rambut putih sinyal ganjar ikut deret respon tokoh bpolitikb',3),('tag:google.com,2013:googlealerts/feed:16721149842788764777','jakarta, kompastv - presiden joko widodo sampaikan pertumbuhan <b>ekonomi</b> indonesia ada di kisaran 5 persen saat pidato di pertemuan tahunan bank&nbsp;...','jakarta kompastv  presiden joko widodo sampaikan pertumbuhan bekonomib indonesia ada di kisaran  persen saat pidato di pertemuan tahunan banknbsp','jakarta kompastv  presiden joko widodo sampaikan pertumbuhan bekonomib indonesia ada di kisaran  persen saat pidato di pertemuan tahunan banknbsp','jakarta kompastv  presiden joko widodo sampaikan pertumbuhan bekonomib indonesia kisaran  persen pidato pertemuan tahunan banknbsp','jakarta kompastv presiden joko widodo sampai tumbuh bekonomib indonesia kisar persen pidato temu tahun banknbsp','jakarta, kompastv, presiden, joko, widodo, sampai, tumbuh, bekonomib, indonesia, kisar, persen, pidato, temu, tahun, banknbsp','jakarta kompastv presiden joko widodo sampai tumbuh bekonomib indonesia kisar persen pidato temu tahun banknbsp',1),('tag:google.com,2013:googlealerts/feed:1711613244173818953','<b>ekonomi</b> amerika serikat tumbuh sebesar 5,2% secara tahunan pada kuartal iii-2023.','bekonomib amerika serikat tumbuh sebesar  secara tahunan pada kuartal iii','bekonomib amerika serikat tumbuh sebesar  secara tahunan pada kuartal iii','bekonomib amerika serikat tumbuh sebesar  secara tahunan kuartal iii','bekonomib amerika serikat tumbuh besar cara tahun kuartal iii','bekonomib, amerika, serikat, tumbuh, besar, cara, tahun, kuartal, iii','bekonomib amerika serikat tumbuh besar cara tahun kuartal iii',1),('tag:google.com,2013:googlealerts/feed:17229095026273657579','rabu, 29-11-2023 | 19:13 wib | penulis: devi handiani. asisten intelijen kejaksaan tinggi kepri, tengku firdaus pimpin kegiatan penyuluhan <b>hukum</b> bagi&nbsp;...','rabu    wib  penulis devi handiani asisten intelijen kejaksaan tinggi kepri tengku firdaus pimpin kegiatan penyuluhan bhukumb baginbsp','rabu    wib  penulis devi handiani asisten intelijen kejaksaan tinggi kepri tengku firdaus pimpin kegiatan penyuluhan bhukumb baginbsp','rabu    wib  penulis devi handiani asisten intelijen kejaksaan tinggi kepri tengku firdaus pimpin kegiatan penyuluhan bhukumb baginbsp','rabu wib tulis devi handiani asisten intelijen jaksa tinggi kepri tengku firdaus pimpin giat suluh bhukumb baginbsp','rabu, wib, tulis, devi, handiani, asisten, intelijen, jaksa, tinggi, kepri, tengku, firdaus, pimpin, giat, suluh, bhukumb, baginbsp','rabu wib tulis devi handiani asisten intelijen jaksa tinggi kepri tengku firdaus pimpin giat suluh bhukumb baginbsp',2),('tag:google.com,2013:googlealerts/feed:17451283572863213448','penegakan <b>hukum</b> yang lemah dan tidak pasti menjadi salah satu hambatan utama bagi investor asing maupun domestik untuk berinvestasi di tanah air.','penegakan bhukumb yang lemah dan tidak pasti menjadi salah satu hambatan utama bagi investor asing maupun domestik untuk berinvestasi di tanah air','penegakan bhukumb yang lemah dan tidak pasti menjadi salah satu hambatan utama bagi investor asing maupun domestik untuk berinvestasi di tanah air','penegakan bhukumb lemah menjadi salah satu hambatan utama investor asing domestik berinvestasi tanah air','tega bhukumb lemah jadi salah satu hambat utama investor asing domestik investasi tanah air','tega, bhukumb, lemah, jadi, salah, satu, hambat, utama, investor, asing, domestik, investasi, tanah, air','tega bhukumb lemah jadi salah satu hambat utama investor asing domestik investasi tanah air',2),('tag:google.com,2013:googlealerts/feed:17689001137266623191','jakarta - penyuluh <b>hukum</b> kantor wilayah kementerian <b>hukum</b> dan ham (kanwil kemenkumham) dki jakarta memberikan penyuluhan <b>hukum</b> kepada ketua rt, rw&nbsp;...','jakarta  penyuluh bhukumb kantor wilayah kementerian bhukumb dan ham kanwil kemenkumham dki jakarta memberikan penyuluhan bhukumb kepada ketua rt rwnbsp','jakarta  penyuluh bhukumb kantor wilayah kementerian bhukumb dan ham kanwil kemenkumham dki jakarta memberikan penyuluhan bhukumb kepada ketua rt rwnbsp','jakarta  penyuluh bhukumb kantor wilayah kementerian bhukumb ham kanwil kemenkumham dki jakarta memberikan penyuluhan bhukumb ketua rt rwnbsp','jakarta suluh bhukumb kantor wilayah menteri bhukumb ham kanwil kemenkumham dki jakarta beri suluh bhukumb ketua rt rwnbsp','jakarta, suluh, bhukumb, kantor, wilayah, menteri, bhukumb, ham, kanwil, kemenkumham, dki, jakarta, beri, suluh, bhukumb, ketua, rt, rwnbsp','jakarta suluh bhukumb kantor wilayah menteri bhukumb ham kanwil kemenkumham dki jakarta beri suluh bhukumb ketua rt rwnbsp',2),('tag:google.com,2013:googlealerts/feed:17843589766569995960','jubir tkn pemilih muda prabowo-gibran fanta hq dedek prayudi mengatakan pihaknya akan akan melakukan kampanye <b>politik</b> yang menawarkan harapan&nbsp;...','jubir tkn pemilih muda prabowogibran fanta hq dedek prayudi mengatakan pihaknya akan akan melakukan kampanye bpolitikb yang menawarkan harapannbsp','jubir tkn pemilih muda prabowogibran fanta hq dedek prayudi mengatakan pihaknya akan akan melakukan kampanye bpolitikb yang menawarkan harapannbsp','jubir tkn pemilih muda prabowogibran fanta hq dedek prayudi mengatakan pihaknya melakukan kampanye bpolitikb menawarkan harapannbsp','jubir tkn pilih muda prabowogibran fanta hq dedek prayudi kata pihak laku kampanye bpolitikb tawar harapannbsp','jubir, tkn, pilih, muda, prabowogibran, fanta, hq, dedek, prayudi, kata, pihak, laku, kampanye, bpolitikb, tawar, harapannbsp','jubir tkn pilih muda prabowogibran fanta hq dedek prayudi kata pihak laku kampanye bpolitikb tawar harapannbsp',3),('tag:google.com,2013:googlealerts/feed:18338304542620658738','samarinda - kondisi <b>ekonomi</b> di kalimantan tomur (kaltim) terus pulih dan bertumbuh baik, serta meningkat. diketahui, sepanjang tahun 2023,&nbsp;...','samarinda  kondisi bekonomib di kalimantan tomur kaltim terus pulih dan bertumbuh baik serta meningkat diketahui sepanjang tahun nbsp','samarinda  kondisi bekonomib di kalimantan tomur kaltim terus pulih dan bertumbuh baik serta meningkat diketahui sepanjang tahun nbsp','samarinda  kondisi bekonomib kalimantan tomur kaltim pulih bertumbuh baik meningkat diketahui tahun nbsp','samarinda kondisi bekonomib kalimantan tomur kaltim pulih tumbuh baik tingkat tahu tahun nbsp','samarinda, kondisi, bekonomib, kalimantan, tomur, kaltim, pulih, tumbuh, baik, tingkat, tahu, tahun, nbsp','samarinda kondisi bekonomib kalimantan tomur kaltim pulih tumbuh baik tingkat tahu tahun nbsp',1),('tag:google.com,2013:googlealerts/feed:2033441129115706614','penegakan <b>hukum</b> yang lemah dan tidak pasti menjadi salah satu hambatan utama bagi investor asing maupun domestik untuk berinvestasi.','penegakan bhukumb yang lemah dan tidak pasti menjadi salah satu hambatan utama bagi investor asing maupun domestik untuk berinvestasi','penegakan bhukumb yang lemah dan tidak pasti menjadi salah satu hambatan utama bagi investor asing maupun domestik untuk berinvestasi','penegakan bhukumb lemah menjadi salah satu hambatan utama investor asing domestik berinvestasi','tega bhukumb lemah jadi salah satu hambat utama investor asing domestik investasi','tega, bhukumb, lemah, jadi, salah, satu, hambat, utama, investor, asing, domestik, investasi','tega bhukumb lemah jadi salah satu hambat utama investor asing domestik investasi',2),('tag:google.com,2013:googlealerts/feed:2538280462997431368','oecd memproyeksikan pertumbuhan <b>ekonomi</b> global akan tetap moderat, dengan dampak pengetatan kebijakan moneter dan perdagangan yang lemah.','oecd memproyeksikan pertumbuhan bekonomib global akan tetap moderat dengan dampak pengetatan kebijakan moneter dan perdagangan yang lemah','oecd memproyeksikan pertumbuhan bekonomib global akan tetap moderat dengan dampak pengetatan kebijakan moneter dan perdagangan yang lemah','oecd memproyeksikan pertumbuhan bekonomib global tetap moderat dampak pengetatan kebijakan moneter perdagangan lemah','oecd proyeksi tumbuh bekonomib global tetap moderat dampak ketat bijak moneter dagang lemah','oecd, proyeksi, tumbuh, bekonomib, global, tetap, moderat, dampak, ketat, bijak, moneter, dagang, lemah','oecd proyeksi tumbuh bekonomib global tetap moderat dampak ketat bijak moneter dagang lemah',1),('tag:google.com,2013:googlealerts/feed:2612889224707028135','pakar <b>politik</b> universitas andalas, asrinaldi menyebut bahwa gimik &quot;gemoy&quot; bisa menjadi bumerang bagi pasangan calon prabowo subianto-gibran&nbsp;...','pakar bpolitikb universitas andalas asrinaldi menyebut bahwa gimik quotgemoyquot bisa menjadi bumerang bagi pasangan calon prabowo subiantogibrannbsp','pakar bpolitikb universitas andalas asrinaldi menyebut bahwa gimik quotgemoyquot bisa menjadi bumerang bagi pasangan calon prabowo subiantogibrannbsp','pakar bpolitikb universitas andalas asrinaldi menyebut gimik quotgemoyquot menjadi bumerang pasangan calon prabowo subiantogibrannbsp','pakar bpolitikb universitas andalas asrinaldi sebut gimik quotgemoyquot jadi bumerang pasang calon prabowo subiantogibrannbsp','pakar, bpolitikb, universitas, andalas, asrinaldi, sebut, gimik, quotgemoyquot, jadi, bumerang, pasang, calon, prabowo, subiantogibrannbsp','pakar bpolitikb universitas andalas asrinaldi sebut gimik quotgemoyquot jadi bumerang pasang calon prabowo subiantogibrannbsp',3),('tag:google.com,2013:googlealerts/feed:3010423936933554573','&quot;apakah yang dilakukan oleh israel tidak melanggar <b>hukum</b> internasional? tidak melanggar <b>hukum</b> humaniter internasional?&quot; kata retno dalam pernyataan&nbsp;...','quotapakah yang dilakukan oleh israel tidak melanggar bhukumb internasional tidak melanggar bhukumb humaniter internasionalquot kata retno dalam pernyataannbsp','quotapakah yang dilakukan oleh israel tidak melanggar bhukumb internasional tidak melanggar bhukumb humaniter internasionalquot kata retno dalam pernyataannbsp','quotapakah dilakukan israel melanggar bhukumb internasional melanggar bhukumb humaniter internasionalquot retno pernyataannbsp','quotapakah laku israel langgar bhukumb internasional langgar bhukumb humaniter internasionalquot retno pernyataannbsp','quotapakah, laku, israel, langgar, bhukumb, internasional, langgar, bhukumb, humaniter, internasionalquot, retno, pernyataannbsp','quotapakah laku israel langgar bhukumb internasional langgar bhukumb humaniter internasionalquot retno pernyataannbsp',2),('tag:google.com,2013:googlealerts/feed:3061140854809972723','juru bicara tkn pemilih muda fanta hq prabowo-gibran, dedek prayudi, membantah cawapres nomor urut 2 gibran rakabuming raka sebagai produk <b>politik</b>&nbsp;...','juru bicara tkn pemilih muda fanta hq prabowogibran dedek prayudi membantah cawapres nomor urut  gibran rakabuming raka sebagai produk bpolitikbnbsp','juru bicara tkn pemilih muda fanta hq prabowogibran dedek prayudi membantah cawapres nomer\r urut  gibran rakabuming raka sebagai produk bpolitikbnbsp','juru bicara tkn pemilih muda fanta hq prabowogibran dedek prayudi membantah cawapres nomer\r urut  gibran rakabuming raka produk bpolitikbnbsp','juru bicara tkn pilih muda fanta hq prabowogibran dedek prayudi ban cawapres nomer urut gibran rakabuming raka produk bpolitikbnbsp','juru, bicara, tkn, pilih, muda, fanta, hq, prabowogibran, dedek, prayudi, ban, cawapres, nomer, urut, gibran, rakabuming, raka, produk, bpolitikbnbsp','juru bicara tkn pilih muda fanta hq prabowogibran dedek prayudi ban cawapres nomer urut gibran rakabuming raka produk bpolitikbnbsp',3),('tag:google.com,2013:googlealerts/feed:3169706854869940842','jawapos.com-juru bicara tim kampanye nasional (tkn) prabowo-gibran, dedek prayudi, mengatakan bahwa <b>politik</b> gemoy merupakan bentuk ajakan kepada&nbsp;...','jawaposcomjuru bicara tim kampanye nasional tkn prabowogibran dedek prayudi mengatakan bahwa bpolitikb gemoy merupakan bentuk ajakan kepadanbsp','jawaposcomjuru bicara tim kampanye nasional tkn prabowogibran dedek prayudi mengatakan bahwa bpolitikb gemoy merupakan bentuk ajakan kepadanbsp','jawaposcomjuru bicara tim kampanye nasional tkn prabowogibran dedek prayudi mengatakan bpolitikb gemoy bentuk ajakan kepadanbsp','jawaposcomjuru bicara tim kampanye nasional tkn prabowogibran dedek prayudi kata bpolitikb gemoy bentuk aja kepadanbsp','jawaposcomjuru, bicara, tim, kampanye, nasional, tkn, prabowogibran, dedek, prayudi, kata, bpolitikb, gemoy, bentuk, aja, kepadanbsp','jawaposcomjuru bicara tim kampanye nasional tkn prabowogibran dedek prayudi kata bpolitikb gemoy bentuk aja kepadanbsp',3),('tag:google.com,2013:googlealerts/feed:3584324788515475746','mengambil judul &#39;<b>ekonomi</b> kreatif kaum muda&#39;, politisi asal jakarta resmi meluncurkan buku karyanya di sebuah cafe di semarang, selasa (28/11) .','mengambil judul bekonomib kreatif kaum muda politisi asal jakarta resmi meluncurkan buku karyanya di sebuah cafe di semarang selasa  ','mengambil judul bekonomib kreatip\r kaum muda politisi asal jakarta resmi meluncurkan buku karyanya di sebuah cafe di semarang selasa  ','mengambil judul bekonomib kreatip\r kaum muda politisi asal jakarta resmi meluncurkan buku karyanya cafe semarang selasa  ','ambil judul bekonomib kreatip kaum muda politis asal jakarta resmi luncur buku karya cafe semarang selasa','ambil, judul, bekonomib, kreatip, kaum, muda, politis, asal, jakarta, resmi, luncur, buku, karya, cafe, semarang, selasa','ambil judul bekonomib kreatip kaum muda politis asal jakarta resmi luncur buku karya cafe semarang selasa',1),('tag:google.com,2013:googlealerts/feed:4498400359874535245','bank indonesia (bi) memproyeksikan pertumbuhan <b>ekonomi</b> di tahun 2024 dan 2025 akan meningkat dibandingkan dengan tahun 2023.','bank indonesia bi memproyeksikan pertumbuhan bekonomib di tahun  dan  akan meningkat dibandingkan dengan tahun ','bank indonesia bi memproyeksikan pertumbuhan bekonomib di tahun  dan  akan meningkat dibandingkan dengan tahun ','bank indonesia bi memproyeksikan pertumbuhan bekonomib tahun   meningkat dibandingkan tahun ','bank indonesia bi proyeksi tumbuh bekonomib tahun tingkat banding tahun','bank, indonesia, bi, proyeksi, tumbuh, bekonomib, tahun, tingkat, banding, tahun','bank indonesia bi proyeksi tumbuh bekonomib tahun tingkat banding tahun',1),('tag:google.com,2013:googlealerts/feed:4542959673410211793','&quot;dari hasil pembahasan, pimpinan kpk sepakat untuk tidak memberikan bantuan <b>hukum</b> terkait penyidikan perkara dugaan tindak pidana korupsi yang sedang&nbsp;...','quotdari hasil pembahasan pimpinan kpk sepakat untuk tidak memberikan bantuan bhukumb terkait penyidikan perkara dugaan tindak pidana korupsi yang sedangnbsp','quotdari hasil pembahasan pimpinan kpk sepakat untuk tidak memberikan bantuan bhukumb terkait penyidikan perkara dugaan tindak pidana korupsi yang sedangnbsp','quotdari hasil pembahasan pimpinan kpk sepakat memberikan bantuan bhukumb terkait penyidikan perkara dugaan tindak pidana korupsi sedangnbsp','quotdari hasil bahas pimpin kpk sepakat beri bantu bhukumb kait sidi perkara duga tindak pidana korupsi sedangnbsp','quotdari, hasil, bahas, pimpin, kpk, sepakat, beri, bantu, bhukumb, kait, sidi, perkara, duga, tindak, pidana, korupsi, sedangnbsp','quotdari hasil bahas pimpin kpk sepakat beri bantu bhukumb kait sidi perkara duga tindak pidana korupsi sedangnbsp',2),('tag:google.com,2013:googlealerts/feed:4797669454895276299','selain itu hal lainnya, bagaimana tidak jarang persoalan kecil yang terjadi di sekolah dibawa hingga ke ranah <b>hukum</b>,&quot; tuturnya. tetapi, jika kasus&nbsp;...','selain itu hal lainnya bagaimana tidak jarang persoalan kecil yang terjadi di sekolah dibawa hingga ke ranah bhukumbquot tuturnya tetapi jika kasusnbsp','selain itu hal lainnya bagaimana tidak jarang persoalan kecil yang terjadi di sekolah dibawa hingga ke ranah bhukumbquot tuturnya tetapi jika kasusnbsp','jarang persoalan terjadi sekolah dibawa ranah bhukumbquot tuturnya kasusnbsp','jarang soal jadi sekolah bawa ranah bhukumbquot tutur kasusnbsp','jarang, soal, jadi, sekolah, bawa, ranah, bhukumbquot, tutur, kasusnbsp','jarang soal jadi sekolah bawa ranah bhukumbquot tutur kasusnbsp',2),('tag:google.com,2013:googlealerts/feed:5098106880119394808','apakah bawaslu dapat meminimalisir praktik tersebut? strategi apa yang mesti digunakan? bentuk celah <b>hukum</b>. secara normatif, sangat nampak adanya&nbsp;...','apakah bawaslu dapat meminimalisir praktik tersebut strategi apa yang mesti digunakan bentuk celah bhukumb secara normatif sangat nampak adanyanbsp','apakah bawaslu dapat meminimalisir praktik tersebut strategi apa yang mesti digunakan bentuk celah bhukumb secara normatif sangat nampak adanyanbsp','bawaslu meminimalisir praktik strategi mesti digunakan bentuk celah bhukumb secara normatif nampak adanyanbsp','bawaslu meminimalisir praktik strategi mesti guna bentuk celah bhukumb cara normatif nampak adanyanbsp','bawaslu, meminimalisir, praktik, strategi, mesti, guna, bentuk, celah, bhukumb, cara, normatif, nampak, adanyanbsp','bawaslu meminimalisir praktik strategi mesti guna bentuk celah bhukumb cara normatif nampak adanyanbsp',2),('tag:google.com,2013:googlealerts/feed:5576703174497743840','presiden jokowi menegaskan bahwa pembangunan ibu kota nusantara (ikn) bertujuan untuk menciptakan pemerataan penduduk dan pemerataan <b>ekonomi</b>.','presiden jokowi menegaskan bahwa pembangunan ibu kota nusantara ikn bertujuan untuk menciptakan pemerataan penduduk dan pemerataan bekonomib','presiden jokowi menegaskan bahwa pembangunan ibu kota nusantara ikn bertujuan untuk menciptakan pemerataan penduduk dan pemerataan bekonomib','presiden jokowi menegaskan pembangunan ibu kota nusantara ikn bertujuan menciptakan pemerataan penduduk pemerataan bekonomib','presiden jokowi tegas bangun ibu kota nusantara ikn tuju cipta perata duduk perata bekonomib','presiden, jokowi, tegas, bangun, ibu, kota, nusantara, ikn, tuju, cipta, perata, duduk, perata, bekonomib','presiden jokowi tegas bangun ibu kota nusantara ikn tuju cipta perata duduk perata bekonomib',1),('tag:google.com,2013:googlealerts/feed:5694850361893952939','kemajuan teknologi meningkatkan kontribusi sektor <b>ekonomi</b> digital dalam pendapatan domestik bruto indonesia sebesar 5,11% pada tahun 2022. menteri&nbsp;...','kemajuan teknologi meningkatkan kontribusi sektor bekonomib digital dalam pendapatan domestik bruto indonesia sebesar  pada tahun  menterinbsp','kemajuan teknologi meningkatkan kontribusi sektor bekonomib digital dalam pendapatan domestik bruto indonesia sebesar  pada tahun  menterinbsp','kemajuan teknologi meningkatkan kontribusi sektor bekonomib digital pendapatan domestik bruto indonesia sebesar  tahun  menterinbsp','maju teknologi tingkat kontribusi sektor bekonomib digital dapat domestik bruto indonesia besar tahun menterinbsp','maju, teknologi, tingkat, kontribusi, sektor, bekonomib, digital, dapat, domestik, bruto, indonesia, besar, tahun, menterinbsp','maju teknologi tingkat kontribusi sektor bekonomib digital dapat domestik bruto indonesia besar tahun menterinbsp',1),('tag:google.com,2013:googlealerts/feed:5762558774579491437','donny b. u dalam virtual class cek fakta liputan6.com, hoaks <b>politik</b> menggunakan ai mengancam, bagaimana menangkalnya?. advertisement.','donny b u dalam virtual class cek fakta liputancom hoaks bpolitikb menggunakan ai mengancam bagaimana menangkalnya advertisement','donny b u dalam virtual class cek fakta liputancom hoaks bpolitikb menggunakan ai mengancam bagaimana menangkalnya advertisement','donny b u virtual class cek fakta liputancom hoaks bpolitikb menggunakan ai mengancam menangkalnya advertisement','donny b u virtual class cek fakta liputancom hoaks bpolitikb guna ai ancam tangkal advertisement','donny, b, u, virtual, class, cek, fakta, liputancom, hoaks, bpolitikb, guna, ai, ancam, tangkal, advertisement','donny b u virtual class cek fakta liputancom hoaks bpolitikb guna ai ancam tangkal advertisement',3),('tag:google.com,2013:googlealerts/feed:5955929462467311950','presiden joko widodo (jokowi) mengungkapkan kalau pertumbuhan <b>ekonomi</b> saat ini patut dibanggakan oleh masyarakat indonesia.','presiden joko widodo jokowi mengungkapkan kalau pertumbuhan bekonomib saat ini patut dibanggakan oleh masyarakat indonesia','presiden joko widodo jokowi mengungkapkan kalau pertumbuhan bekonomib saat ini patut dibanggakan oleh masyarakat indonesia','presiden joko widodo jokowi mengungkapkan pertumbuhan bekonomib patut dibanggakan masyarakat indonesia','presiden joko widodo jokowi ungkap tumbuh bekonomib patut bangga masyarakat indonesia','presiden, joko, widodo, jokowi, ungkap, tumbuh, bekonomib, patut, bangga, masyarakat, indonesia','presiden joko widodo jokowi ungkap tumbuh bekonomib patut bangga masyarakat indonesia',1),('tag:google.com,2013:googlealerts/feed:6074214842677158099','risiko utama <b>ekonomi</b> global 2024 disebabkan oleh perang rusia dan ukraina, perang dagang china dan amerika serikat, serta konflik antara israel&nbsp;...','risiko utama bekonomib global  disebabkan oleh perang rusia dan ukraina perang dagang china dan amerika serikat serta konflik antara israelnbsp','resiko\r utama bekonomib global  disebabkan oleh perang rusia dan ukraina perang dagang china dan amerika serikat serta konflik antara israelnbsp','resiko\r utama bekonomib global  disebabkan perang rusia ukraina perang dagang china amerika serikat konflik israelnbsp','resiko utama bekonomib global sebab perang rusia ukraina perang dagang china amerika serikat konflik israelnbsp','resiko, utama, bekonomib, global, sebab, perang, rusia, ukraina, perang, dagang, china, amerika, serikat, konflik, israelnbsp','resiko utama bekonomib global sebab perang rusia ukraina perang dagang china amerika serikat konflik israelnbsp',1),('tag:google.com,2013:googlealerts/feed:609448809069985439','cek fakta liputan6.com telah menelusuri sejumlah seputar praktik <b>politik</b> uang menjelang pemilu 2024.','cek fakta liputancom telah menelusuri sejumlah seputar praktik bpolitikb uang menjelang pemilu ','cek fakta liputancom telah menelusuri sejumlah seputar praktik bpolitikb uang menjelang pemilu ','cek fakta liputancom menelusuri sejumlah seputar praktik bpolitikb uang menjelang pemilu ','cek fakta liputancom telusur jumlah putar praktik bpolitikb uang jelang milu','cek, fakta, liputancom, telusur, jumlah, putar, praktik, bpolitikb, uang, jelang, milu','cek fakta liputancom telusur jumlah putar praktik bpolitikb uang jelang milu',3),('tag:google.com,2013:googlealerts/feed:6520772296763570398','&quot;mereka enggan membidik pemilih mengambang karena menganggap menerima uang, tapi soal memilih, tidak bisa diandalkan,&quot; ujarnya. burhanuddin mengakui&nbsp;...','quotmereka enggan membidik pemilih mengambang karena menganggap menerima uang tapi soal memilih tidak bisa diandalkanquot ujarnya burhanuddin mengakuinbsp','quotmereka enggan membidik pemilih mengambang karna?\r menganggap menerima uang tapi soal memilih tidak bisa diandalkanquot ujarnya burhanuddin mengakuinbsp','quotmereka enggan membidik pemilih mengambang karna?\r menganggap menerima uang soal memilih diandalkanquot ujarnya burhanuddin mengakuinbsp','quotmereka enggan bidik pilih ambang karna anggap terima uang soal pilih diandalkanquot ujar burhanuddin mengakuinbsp','quotmereka, enggan, bidik, pilih, ambang, karna, anggap, terima, uang, soal, pilih, diandalkanquot, ujar, burhanuddin, mengakuinbsp','quotmereka enggan bidik pilih ambang karna anggap terima uang soal pilih diandalkanquot ujar burhanuddin mengakuinbsp',3),('tag:google.com,2013:googlealerts/feed:6612358401517347177','<b>hukum</b> kehilangan independensi dan kewibawaannya sebagai alat untuk mewujudkan keadilan - yogya - okezone news.','bhukumb kehilangan independensi dan kewibawaannya sebagai alat untuk mewujudkan keadilan  yogya  okezone news','bhukumb kehilangan independensi dan kewibawaannya sebagai alat untuk mewujudkan keadilan  yogya  okezone news','bhukumb kehilangan independensi kewibawaannya alat mewujudkan keadilan  yogya  okezone news','bhukumb hilang independensi wibawa alat wujud adil yogya okezone news','bhukumb, hilang, independensi, wibawa, alat, wujud, adil, yogya, okezone, news','bhukumb hilang independensi wibawa alat wujud adil yogya okezone news',2),('tag:google.com,2013:googlealerts/feed:6891852861513752015','direktur eksekutif indikator <b>politik</b> indonesia burhanuddin muhtadi menyinggung soal <b>politik</b> uang saat dikukuhkan menjadi guru besar bidang ilmu&nbsp;...','direktur eksekutif indikator bpolitikb indonesia burhanuddin muhtadi menyinggung soal bpolitikb uang saat dikukuhkan menjadi guru besar bidang ilmunbsp','direktur eksekutif indikator bpolitikb indonesia burhanuddin muhtadi menyinggung soal bpolitikb uang saat dikukuhkan menjadi guru besar bidang ilmunbsp','direktur eksekutif indikator bpolitikb indonesia burhanuddin muhtadi menyinggung soal bpolitikb uang dikukuhkan menjadi guru besar bidang ilmunbsp','direktur eksekutif indikator bpolitikb indonesia burhanuddin muhtadi singgung soal bpolitikb uang kukuh jadi guru besar bidang ilmunbsp','direktur, eksekutif, indikator, bpolitikb, indonesia, burhanuddin, muhtadi, singgung, soal, bpolitikb, uang, kukuh, jadi, guru, besar, bidang, ilmunbsp','direktur eksekutif indikator bpolitikb indonesia burhanuddin muhtadi singgung soal bpolitikb uang kukuh jadi guru besar bidang ilmunbsp',3),('tag:google.com,2013:googlealerts/feed:7094067983518900262','dijelaskannya, penandatanganan kerjasama bidang <b>hukum</b> perdata dan tata usaha negara antara dprd kabupaten sumbawa dengan kejaksaan negeri sumbawa&nbsp;...','dijelaskannya penandatanganan kerjasama bidang bhukumb perdata dan tata usaha negara antara dprd kabupaten sumbawa dengan kejaksaan negeri sumbawanbsp','dijelaskannya penandatanganan kerjasama bidang bhukumb perdata dan tata usaha negara antara dprd kabupaten sumbawa dengan kejaksaan negri\r sumbawanbsp','dijelaskannya penandatanganan kerjasama bidang bhukumb perdata tata usaha negara dprd kabupaten sumbawa kejaksaan negri\r sumbawanbsp','jelas penandatanganan kerjasama bidang bhukumb perdata tata usaha negara dprd kabupaten sumbawa jaksa negri sumbawanbsp','jelas, penandatanganan, kerjasama, bidang, bhukumb, perdata, tata, usaha, negara, dprd, kabupaten, sumbawa, jaksa, negri, sumbawanbsp','jelas penandatanganan kerjasama bidang bhukumb perdata tata usaha negara dprd kabupaten sumbawa jaksa negri sumbawanbsp',2),('tag:google.com,2013:googlealerts/feed:7260957547255083681','... <b>ekonomi</b> tidak cukup nafkah dan kebutuhan,” ungkap saifuddin. laporan maulidi alfata | aceh timur. serambinews.com, aceh timur - mahkamah syariah&nbsp;...',' bekonomib tidak cukup nafkah dan kebutuhan ungkap saifuddin laporan maulidi alfata  aceh timur serambinewscom aceh timur  mahkamah syariahnbsp',' bekonomib tidak cukup nafkah dan kebutuhan ungkap saifuddin laporan maulidi alfata  aceh timur serambinewscom aceh timur  mahkamah syariahnbsp',' bekonomib nafkah kebutuhan ungkap saifuddin laporan maulidi alfata  aceh timur serambinewscom aceh timur  mahkamah syariahnbsp','bekonomib nafkah butuh ungkap saifuddin lapor maulid alfata aceh timur serambinewscom aceh timur mahkamah syariahnbsp','bekonomib, nafkah, butuh, ungkap, saifuddin, lapor, maulid, alfata, aceh, timur, serambinewscom, aceh, timur, mahkamah, syariahnbsp','bekonomib nafkah butuh ungkap saifuddin lapor maulid alfata aceh timur serambinewscom aceh timur mahkamah syariahnbsp',1),('tag:google.com,2013:googlealerts/feed:7335044791391065298','berdasarkan oecd economic outlook terbaru, pertumbuhan <b>ekonomi</b> global diperkirakan melambat dari 2,9% tahun ini menjadi 2,7% pada 2024.','berdasarkan oecd economic outlook terbaru pertumbuhan bekonomib global diperkirakan melambat dari  tahun ini menjadi  pada ','berdasarkan oecd economic outlook terbaru pertumbuhan bekonomib global diperkirakan melambat dari  tahun ini menjadi  pada ','berdasarkan oecd economic outlook terbaru pertumbuhan bekonomib global diperkirakan melambat  tahun menjadi  ','dasar oecd economic outlook baru tumbuh bekonomib global kira lambat tahun jadi','dasar, oecd, economic, outlook, baru, tumbuh, bekonomib, global, kira, lambat, tahun, jadi','dasar oecd economic outlook baru tumbuh bekonomib global kira lambat tahun jadi',1),('tag:google.com,2013:googlealerts/feed:7426158547707228618','pergerakan <b>ekonomi</b> setiap memasuki tahun politik, dan apakah ajang ... <b>ekonomi</b> #politik #pemilu2024 #kampanye ikuti terus perkembangan berita&nbsp;...','pergerakan bekonomib setiap memasuki tahun politik dan apakah ajang  bekonomib politik pemilu kampanye ikuti terus perkembangan beritanbsp','pergerakan bekonomib setiap memasuki tahun politik dan apakah ajang  bekonomib politik pemilu kampanye ikuti terus perkembangan beritanbsp','pergerakan bekonomib memasuki tahun politik ajang  bekonomib politik pemilu kampanye ikuti perkembangan beritanbsp','gera bekonomib pasuk tahun politik ajang bekonomib politik milu kampanye ikut kembang beritanbsp','gera, bekonomib, pasuk, tahun, politik, ajang, bekonomib, politik, milu, kampanye, ikut, kembang, beritanbsp','gera bekonomib pasuk tahun politik ajang bekonomib politik milu kampanye ikut kembang beritanbsp',1),('tag:google.com,2013:googlealerts/feed:758448357513975954','kepala kantor wilayah kementerin <b>hukum</b> dan ham kalimantan barat muhammad tito andrianto. tito ,mengawali sambutannya mengatakan,sejak tahun 2011&nbsp;...','kepala kantor wilayah kementerin bhukumb dan ham kalimantan barat muhammad tito andrianto tito mengawali sambutannya mengatakansejak tahun nbsp','kepala kantor wilayah kementerin bhukumb dan ham kalimantan barat muhammad tito andrianto tito mengawali sambutannya mengatakansejak tahun nbsp','kepala kantor wilayah kementerin bhukumb ham kalimantan barat muhammad tito andrianto tito mengawali sambutannya mengatakansejak tahun nbsp','kepala kantor wilayah terin bhukumb ham kalimantan barat muhammad tito andrianto tito awal sambut mengatakansejak tahun nbsp','kepala, kantor, wilayah, terin, bhukumb, ham, kalimantan, barat, muhammad, tito, andrianto, tito, awal, sambut, mengatakansejak, tahun, nbsp','kepala kantor wilayah terin bhukumb ham kalimantan barat muhammad tito andrianto tito awal sambut mengatakansejak tahun nbsp',2),('tag:google.com,2013:googlealerts/feed:7918261310379902401','labuha, maluku utara- mantan kabag <b>hukum</b> setda kabupaten halmahera selatan, rusdi hasan buka suara terkait tahapan persidangan dalam gugatan&nbsp;...','labuha maluku utara mantan kabag bhukumb setda kabupaten halmahera selatan rusdi hasan buka suara terkait tahapan persidangan dalam gugatannbsp','labuha maluku utara mantan kabag bhukumb setda kabupaten halmahera selatan rusdi hasan buka suara terkait tahapan persidangan dalam gugatannbsp','labuha maluku utara mantan kabag bhukumb setda kabupaten halmahera selatan rusdi hasan buka suara terkait tahapan persidangan gugatannbsp','labuha malu utara mantan kabag bhukumb setda kabupaten halmahera selatan rusdi hasan buka suara kait tahap sidang gugatannbsp','labuha, malu, utara, mantan, kabag, bhukumb, setda, kabupaten, halmahera, selatan, rusdi, hasan, buka, suara, kait, tahap, sidang, gugatannbsp','labuha malu utara mantan kabag bhukumb setda kabupaten halmahera selatan rusdi hasan buka suara kait tahap sidang gugatannbsp',2),('tag:google.com,2013:googlealerts/feed:840906080621705373','secara bahasa, fuqaha yang berasal dari bahasa arab ini memiliki arti yakni ahli fiqih atau ahli <b>hukum</b> islam. sedangkan secara istilah, kata fuqaha&nbsp;...','secara bahasa fuqaha yang berasal dari bahasa arab ini memiliki arti yakni ahli fiqih atau ahli bhukumb islam sedangkan secara istilah kata fuqahanbsp','secara bahasa fuqaha yang berasal dari bahasa arab ini memiliki arti yakni ahli fiqih atau ahli bhukumb islam sedangkan secara istilah kata fuqahanbsp','secara bahasa fuqaha berasal bahasa arab memiliki arti ahli fiqih ahli bhukumb islam secara istilah fuqahanbsp','cara bahasa fuqaha asal bahasa arab milik arti ahli fiqih ahli bhukumb islam cara istilah fuqahanbsp','cara, bahasa, fuqaha, asal, bahasa, arab, milik, arti, ahli, fiqih, ahli, bhukumb, islam, cara, istilah, fuqahanbsp','cara bahasa fuqaha asal bahasa arab milik arti ahli fiqih ahli bhukumb islam cara istilah fuqahanbsp',2),('tag:google.com,2013:googlealerts/feed:8615381666297832048','presiden joko widodo (jokowi) memamerkan pertumbuhan <b>ekonomi</b> indonesia yang stabil. menurutnya, pertumbuhan <b>ekonomi</b> indonesia stabil di kisaran&nbsp;...','presiden joko widodo jokowi memamerkan pertumbuhan bekonomib indonesia yang stabil menurutnya pertumbuhan bekonomib indonesia stabil di kisarannbsp','presiden joko widodo jokowi memamerkan pertumbuhan bekonomib indonesia yang stabil menurutnya pertumbuhan bekonomib indonesia stabil di kisarannbsp','presiden joko widodo jokowi memamerkan pertumbuhan bekonomib indonesia stabil menurutnya pertumbuhan bekonomib indonesia stabil kisarannbsp','presiden joko widodo jokowi pamer tumbuh bekonomib indonesia stabil turut tumbuh bekonomib indonesia stabil kisarannbsp','presiden, joko, widodo, jokowi, pamer, tumbuh, bekonomib, indonesia, stabil, turut, tumbuh, bekonomib, indonesia, stabil, kisarannbsp','presiden joko widodo jokowi pamer tumbuh bekonomib indonesia stabil turut tumbuh bekonomib indonesia stabil kisarannbsp',1),('tag:google.com,2013:googlealerts/feed:9533771435553455267','... <b>hukum</b>. seperti komisi pemberantas korupsi (kpk) hingga kejaksaan. “ini selalu mengatasnamakan rakyat, tidak terbuka. biar bagus ke depan, libatkan&nbsp;...',' bhukumb seperti komisi pemberantas korupsi kpk hingga kejaksaan ini selalu mengatasnamakan rakyat tidak terbuka biar bagus ke depan libatkannbsp',' bhukumb seperti komissi\r pembrantas\r korupsi kpk hingga kejaksaan ini selalu mengatasnamakan rakyat tidak terbuka biar bagus ke depan libatkannbsp',' bhukumb komissi\r pembrantas\r korupsi kpk kejaksaan mengatasnamakan rakyat terbuka bagus libatkannbsp','bhukumb komissi pembrantas korupsi kpk jaksa mengatasnamakan rakyat buka bagus libatkannbsp','bhukumb, komissi, pembrantas, korupsi, kpk, jaksa, mengatasnamakan, rakyat, buka, bagus, libatkannbsp','bhukumb komissi pembrantas korupsi kpk jaksa mengatasnamakan rakyat buka bagus libatkannbsp',2);

#
# Structure for table "probabilitas_kata_2211501388"
#

DROP TABLE IF EXISTS `probabilitas_kata_2211501388`;
CREATE TABLE `probabilitas_kata_2211501388` (
  `kata` varchar(100) NOT NULL,
  `id_kategori` int(11) NOT NULL,
  `jml_data` int(11) DEFAULT 0,
  `nilai_probabilitas` float(10,10) DEFAULT 0.0000000000
) ENGINE=InnoDB DEFAULT CHARSET=utf8mb4 COLLATE=utf8mb4_general_ci;

#
# Data for table "probabilitas_kata_2211501388"
#

INSERT INTO `probabilitas_kata_2211501388` VALUES ('sisi',1,0,0.0000000000),('sisi',2,0,0.0000000000),('sisi',3,0,0.0000000000),('masyarakat',1,0,0.0000000000),('masyarakat',2,0,0.0000000000),('masyarakat',3,0,0.0000000000),('tetap',1,0,0.0000000000),('tetap',2,0,0.0000000000),('tetap',3,0,0.0000000000),('kritis',1,0,0.0000000000),('kritis',2,0,0.0000000000),('kritis',3,0,0.0000000000),('pelaksaanaan',1,0,0.0000000000),('pelaksaanaan',2,0,0.0000000000),('pelaksaanaan',3,0,0.0000000000),('milu',1,0,0.0000000000),('milu',2,0,0.0000000000),('milu',3,0,0.0000000000),('berkwalitas',1,0,0.0000000000),('berkwalitas',2,0,0.0000000000),('berkwalitas',3,0,0.0000000000),('legitimate',1,0,0.0000000000),('legitimate',2,0,0.0000000000),('legitimate',3,0,0.0000000000),('mekanisme',1,0,0.0000000000),('mekanisme',2,0,0.0000000000),('mekanisme',3,0,0.0000000000),('pengelolaanpergantiannbsp',1,0,0.0000000000),('pengelolaanpergantiannbsp',2,0,0.0000000000),('pengelolaanpergantiannbsp',3,0,0.0000000000),('lembaga',1,0,0.0000000000),('lembaga',2,0,0.0000000000),('lembaga',3,0,0.0000000000),('asistensi',1,0,0.0000000000),('asistensi',2,0,0.0000000000),('asistensi',3,0,0.0000000000),('perintah',1,0,0.0000000000),('perintah',2,0,0.0000000000),('perintah',3,0,0.0000000000),('negri',1,0,0.0000000000),('negri',2,0,0.0000000000),('negri',3,0,0.0000000000),('lapdn',1,0,0.0000000000),('lapdn',2,0,0.0000000000),('lapdn',3,0,0.0000000000),('ada',1,0,0.0000000000),('ada',2,0,0.0000000000),('ada',3,0,0.0000000000),('giat',1,0,0.0000000000),('giat',2,0,0.0000000000),('giat',3,0,0.0000000000),('seminar',1,0,0.0000000000),('seminar',2,0,0.0000000000),('seminar',3,0,0.0000000000),('peran',1,0,0.0000000000),('peran',2,0,0.0000000000),('peran',3,0,0.0000000000),('daerah',1,0,0.0000000000),('daerah',2,0,0.0000000000),('daerah',3,0,0.0000000000),('jaga',1,0,0.0000000000),('jaga',2,0,0.0000000000),('jaga',3,0,0.0000000000),('stabilitas',1,0,0.0000000000),('stabilitas',2,0,0.0000000000),('stabilitas',3,0,0.0000000000),('bpolitikb',1,0,0.0000000000),('bpolitikb',2,0,0.0000000000),('bpolitikb',3,0,0.0000000000),('bekonomib',1,0,0.0000000000),('bekonomib',2,0,0.0000000000),('bekonomib',3,0,0.0000000000),('nasional',1,0,0.0000000000),('nasional',2,0,0.0000000000),('nasional',3,0,0.0000000000),('besar',1,0,0.0000000000),('besar',2,0,0.0000000000),('besar',3,0,0.0000000000),('persen',1,0,0.0000000000),('persen',2,0,0.0000000000),('persen',3,0,0.0000000000),('inflasi',1,0,0.0000000000),('inflasi',2,0,0.0000000000),('inflasi',3,0,0.0000000000),('bea',1,0,0.0000000000),('bea',2,0,0.0000000000),('bea',3,0,0.0000000000),('cukai',1,0,0.0000000000),('cukai',2,0,0.0000000000),('cukai',3,0,0.0000000000),('bagi',1,0,0.0000000000),('bagi',2,0,0.0000000000),('bagi',3,0,0.0000000000),('kemenkeu',1,0,0.0000000000),('kemenkeu',2,0,0.0000000000),('kemenkeu',3,0,0.0000000000),('turut',1,0,0.0000000000),('turut',2,0,0.0000000000),('turut',3,0,0.0000000000),('emban',1,0,0.0000000000),('emban',2,0,0.0000000000),('emban',3,0,0.0000000000),('amanat',1,0,0.0000000000),('amanat',2,0,0.0000000000),('amanat',3,0,0.0000000000),('pendapatannbsp',1,0,0.0000000000),('pendapatannbsp',2,0,0.0000000000),('pendapatannbsp',3,0,0.0000000000),('mk',1,0,0.0000000000),('mk',2,0,0.0000000000),('mk',3,0,0.0000000000),('tegas',1,0,0.0000000000),('tegas',2,0,0.0000000000),('tegas',3,0,0.0000000000),('putus',1,0,0.0000000000),('putus',2,0,0.0000000000),('putus',3,0,0.0000000000),('batas',1,0,0.0000000000),('batas',2,0,0.0000000000),('batas',3,0,0.0000000000),('usia',1,0,0.0000000000),('usia',2,0,0.0000000000),('usia',3,0,0.0000000000),('capres',1,0,0.0000000000),('capres',2,0,0.0000000000),('capres',3,0,0.0000000000),('cawapres',1,0,0.0000000000),('cawapres',2,0,0.0000000000),('cawapres',3,0,0.0000000000),('cacat',1,0,0.0000000000),('cacat',2,0,0.0000000000),('cacat',3,0,0.0000000000),('bhukumb',1,0,0.0000000000),('bhukumb',2,0,0.0000000000),('bhukumb',3,0,0.0000000000),('rujuk',1,0,0.0000000000),('rujuk',2,0,0.0000000000),('rujuk',3,0,0.0000000000),('timbang',1,0,0.0000000000),('timbang',2,0,0.0000000000),('timbang',3,0,0.0000000000),('majelis',1,0,0.0000000000),('majelis',2,0,0.0000000000),('majelis',3,0,0.0000000000),('hormat',1,0,0.0000000000),('hormat',2,0,0.0000000000),('hormat',3,0,0.0000000000),('mahkamah',1,0,0.0000000000),('mahkamah',2,0,0.0000000000),('mahkamah',3,0,0.0000000000),('konstitusi',1,0,0.0000000000),('konstitusi',2,0,0.0000000000),('konstitusi',3,0,0.0000000000),('jabat',1,0,0.0000000000),('jabat',2,0,0.0000000000),('jabat',3,0,0.0000000000),('pj',1,0,0.0000000000),('pj',2,0,0.0000000000),('pj',3,0,0.0000000000),('bupati',1,0,0.0000000000),('bupati',2,0,0.0000000000),('bupati',3,0,0.0000000000),('katingan',1,0,0.0000000000),('katingan',2,0,0.0000000000),('katingan',3,0,0.0000000000),('saiful',1,0,0.0000000000),('saiful',2,0,0.0000000000),('saiful',3,0,0.0000000000),('aparatur',1,0,0.0000000000),('aparatur',2,0,0.0000000000),('aparatur',3,0,0.0000000000),('sipil',1,0,0.0000000000),('sipil',2,0,0.0000000000),('sipil',3,0,0.0000000000),('negara',1,0,0.0000000000),('negara',2,0,0.0000000000),('negara',3,0,0.0000000000),('asn',1,0,0.0000000000),('asn',2,0,0.0000000000),('asn',3,0,0.0000000000),('hindar',1,0,0.0000000000),('hindar',2,0,0.0000000000),('hindar',3,0,0.0000000000),('praktis',1,0,0.0000000000),('praktis',2,0,0.0000000000),('praktis',3,0,0.0000000000),('tumbuh',1,0,0.0000000000),('tumbuh',2,0,0.0000000000),('tumbuh',3,0,0.0000000000),('indonesia',1,0,0.0000000000),('indonesia',2,0,0.0000000000),('indonesia',3,0,0.0000000000),('proyeksi',1,0,0.0000000000),('proyeksi',2,0,0.0000000000),('proyeksi',3,0,0.0000000000),('tingkat',1,0,0.0000000000),('tingkat',2,0,0.0000000000),('tingkat',3,0,0.0000000000),('kisar',1,0,0.0000000000),('kisar',2,0,0.0000000000),('kisar',3,0,0.0000000000),('wakil',1,0,0.0000000000),('wakil',2,0,0.0000000000),('wakil',3,0,0.0000000000),('kapten',1,0,0.0000000000),('kapten',2,0,0.0000000000),('kapten',3,0,0.0000000000),('tim',1,0,0.0000000000),('tim',2,0,0.0000000000),('tim',3,0,0.0000000000),('menang',1,0,0.0000000000),('menang',2,0,0.0000000000),('menang',3,0,0.0000000000),('anies',1,0,0.0000000000),('anies',2,0,0.0000000000),('anies',3,0,0.0000000000),('baswedanmuhaimin',1,0,0.0000000000),('baswedanmuhaimin',2,0,0.0000000000),('baswedanmuhaimin',3,0,0.0000000000),('iskandar',1,0,0.0000000000),('iskandar',2,0,0.0000000000),('iskandar',3,0,0.0000000000),('amin',1,0,0.0000000000),('amin',2,0,0.0000000000),('amin',3,0,0.0000000000),('sudirman',1,0,0.0000000000),('sudirman',2,0,0.0000000000),('sudirman',3,0,0.0000000000),('said',1,0,0.0000000000),('said',2,0,0.0000000000),('said',3,0,0.0000000000),('yakin',1,0,0.0000000000),('yakin',2,0,0.0000000000),('yakin',3,0,0.0000000000),('pilih',1,0,0.0000000000),('pilih',2,0,0.0000000000),('pilih',3,0,0.0000000000),('generasi',1,0,0.0000000000),('generasi',2,0,0.0000000000),('generasi',3,0,0.0000000000),('muda',1,0,0.0000000000),('muda',2,0,0.0000000000),('muda',3,0,0.0000000000),('menginginkannbsp',1,0,0.0000000000),('menginginkannbsp',2,0,0.0000000000),('menginginkannbsp',3,0,0.0000000000),('ketua',1,0,0.0000000000),('ketua',2,0,0.0000000000),('ketua',3,0,0.0000000000),('badan',1,0,0.0000000000),('badan',2,0,0.0000000000),('badan',3,0,0.0000000000),('awas',1,0,0.0000000000),('awas',2,0,0.0000000000),('awas',3,0,0.0000000000),('umum',1,0,0.0000000000),('umum',2,0,0.0000000000),('umum',3,0,0.0000000000),('bawaslu',1,0,0.0000000000),('bawaslu',2,0,0.0000000000),('bawaslu',3,0,0.0000000000),('mahbrur',1,0,0.0000000000),('mahbrur',2,0,0.0000000000),('mahbrur',3,0,0.0000000000),('sebut',1,0,0.0000000000),('sebut',2,0,0.0000000000),('sebut',3,0,0.0000000000),('uang',1,0,0.0000000000),('uang',2,0,0.0000000000),('uang',3,0,0.0000000000),('masuk',1,0,0.0000000000),('masuk',2,0,0.0000000000),('masuk',3,0,0.0000000000),('katagori',1,0,0.0000000000),('katagori',2,0,0.0000000000),('katagori',3,0,0.0000000000),('pidana',1,0,0.0000000000),('pidana',2,0,0.0000000000),('pidana',3,0,0.0000000000),('dar',1,0,0.0000000000),('dar',2,0,0.0000000000),('dar',3,0,0.0000000000),('langgar',1,0,0.0000000000),('langgar',2,0,0.0000000000),('langgar',3,0,0.0000000000),('dalamnbsp',1,0,0.0000000000),('dalamnbsp',2,0,0.0000000000),('dalamnbsp',3,0,0.0000000000),('jakarta',1,0,0.0000000000),('jakarta',2,0,0.0000000000),('jakarta',3,0,0.0000000000),('kompascom',1,0,0.0000000000),('kompascom',2,0,0.0000000000),('kompascom',3,0,0.0000000000),('kampanye',1,0,0.0000000000),('kampanye',2,0,0.0000000000),('kampanye',3,0,0.0000000000),('tkn',1,0,0.0000000000),('tkn',2,0,0.0000000000),('tkn',3,0,0.0000000000),('prabowo',1,0,0.0000000000),('prabowo',2,0,0.0000000000),('prabowo',3,0,0.0000000000),('subiantogibran',1,0,0.0000000000),('subiantogibran',2,0,0.0000000000),('subiantogibran',3,0,0.0000000000),('rakabuming',1,0,0.0000000000),('rakabuming',2,0,0.0000000000),('rakabuming',3,0,0.0000000000),('raka',1,0,0.0000000000),('raka',2,0,0.0000000000),('raka',3,0,0.0000000000),('ros',1,0,0.0000000000),('ros',2,0,0.0000000000),('ros',3,0,0.0000000000),('perkasa',1,0,0.0000000000),('perkasa',2,0,0.0000000000),('perkasa',3,0,0.0000000000),('roeslani',1,0,0.0000000000),('roeslani',2,0,0.0000000000),('roeslani',3,0,0.0000000000),('pasti',1,0,0.0000000000),('pasti',2,0,0.0000000000),('pasti',3,0,0.0000000000),('dannbsp',1,0,0.0000000000),('dannbsp',2,0,0.0000000000),('dannbsp',3,0,0.0000000000),('titik',1,0,0.0000000000),('titik',2,0,0.0000000000),('titik',3,0,0.0000000000),('cerah',1,0,0.0000000000),('cerah',2,0,0.0000000000),('cerah',3,0,0.0000000000),('dunia',1,0,0.0000000000),('dunia',2,0,0.0000000000),('dunia',3,0,0.0000000000),('liput',1,0,0.0000000000),('liput',2,0,0.0000000000),('liput',3,0,0.0000000000),('ketidakpastian',1,0,0.0000000000),('ketidakpastian',2,0,0.0000000000),('ketidakpastian',3,0,0.0000000000),('tinggi',1,0,0.0000000000),('tinggi',2,0,0.0000000000),('tinggi',3,0,0.0000000000),('sebab',1,0,0.0000000000),('sebab',2,0,0.0000000000),('sebab',3,0,0.0000000000),('awal',1,0,0.0000000000),('awal',2,0,0.0000000000),('awal',3,0,0.0000000000),('sangkut',1,0,0.0000000000),('sangkut',2,0,0.0000000000),('sangkut',3,0,0.0000000000),('kasus',1,0,0.0000000000),('kasus',2,0,0.0000000000),('kasus',3,0,0.0000000000),('didik',1,0,0.0000000000),('didik',2,0,0.0000000000),('didik',3,0,0.0000000000),('pramono',1,0,0.0000000000),('pramono',2,0,0.0000000000),('pramono',3,0,0.0000000000),('maju',1,0,0.0000000000),('maju',2,0,0.0000000000),('maju',3,0,0.0000000000),('jadi',1,0,0.0000000000),('jadi',2,0,0.0000000000),('jadi',3,0,0.0000000000),('calon',1,0,0.0000000000),('calon',2,0,0.0000000000),('calon',3,0,0.0000000000),('legislatif',1,0,0.0000000000),('legislatif',2,0,0.0000000000),('legislatif',3,0,0.0000000000),('caleg',1,0,0.0000000000),('caleg',2,0,0.0000000000),('caleg',3,0,0.0000000000),('kena',1,0,0.0000000000),('kena',2,0,0.0000000000),('kena',3,0,0.0000000000),('pengantin',1,0,0.0000000000),('pengantin',2,0,0.0000000000),('pengantin',3,0,0.0000000000),('tunai',1,0,0.0000000000),('tunai',2,0,0.0000000000),('tunai',3,0,0.0000000000),('ibadah',1,0,0.0000000000),('ibadah',2,0,0.0000000000),('ibadah',3,0,0.0000000000),('shalat',1,0,0.0000000000),('shalat',2,0,0.0000000000),('shalat',3,0,0.0000000000),('kondisi',1,0,0.0000000000),('kondisi',2,0,0.0000000000),('kondisi',3,0,0.0000000000),('wajah',1,0,0.0000000000),('wajah',2,0,0.0000000000),('wajah',3,0,0.0000000000),('rias',1,0,0.0000000000),('rias',2,0,0.0000000000),('rias',3,0,0.0000000000),('make',1,0,0.0000000000),('make',2,0,0.0000000000),('make',3,0,0.0000000000),('up',1,0,0.0000000000),('up',2,0,0.0000000000),('up',3,0,0.0000000000),('jelas',1,0,0.0000000000),('jelas',2,0,0.0000000000),('jelas',3,0,0.0000000000),('buya',1,0,0.0000000000),('buya',2,0,0.0000000000),('buya',3,0,0.0000000000),('yahya',1,0,0.0000000000),('yahya',2,0,0.0000000000),('yahya',3,0,0.0000000000),('presiden',1,0,0.0000000000),('presiden',2,0,0.0000000000),('presiden',3,0,0.0000000000),('nomer',1,0,0.0000000000),('nomer',2,0,0.0000000000),('nomer',3,0,0.0000000000),('urut',1,0,0.0000000000),('urut',2,0,0.0000000000),('urut',3,0,0.0000000000),('baswedan',1,0,0.0000000000),('baswedan',2,0,0.0000000000),('baswedan',3,0,0.0000000000),('beri',1,0,0.0000000000),('beri',2,0,0.0000000000),('beri',3,0,0.0000000000),('nilai',1,0,0.0000000000),('nilai',2,0,0.0000000000),('nilai',3,0,0.0000000000),('tega',1,0,0.0000000000),('tega',2,0,0.0000000000),('tega',3,0,0.0000000000),('masa',1,0,0.0000000000),('masa',2,0,0.0000000000),('masa',3,0,0.0000000000),('pimpin',1,0,0.0000000000),('pimpin',2,0,0.0000000000),('pimpin',3,0,0.0000000000),('presidennbsp',1,0,0.0000000000),('presidennbsp',2,0,0.0000000000),('presidennbsp',3,0,0.0000000000),('sekjen',1,0,0.0000000000),('sekjen',2,0,0.0000000000),('sekjen',3,0,0.0000000000),('psi',1,0,0.0000000000),('psi',2,0,0.0000000000),('psi',3,0,0.0000000000),('raja',1,0,0.0000000000),('raja',2,0,0.0000000000),('raja',3,0,0.0000000000),('juli',1,0,0.0000000000),('juli',2,0,0.0000000000),('juli',3,0,0.0000000000),('antoni',1,0,0.0000000000),('antoni',2,0,0.0000000000),('antoni',3,0,0.0000000000),('tanggap',1,0,0.0000000000),('tanggap',2,0,0.0000000000),('tanggap',3,0,0.0000000000),('kritik',1,0,0.0000000000),('kritik',2,0,0.0000000000),('kritik',3,0,0.0000000000),('pks',1,0,0.0000000000),('pks',2,0,0.0000000000),('pks',3,0,0.0000000000),('soal',1,0,0.0000000000),('soal',2,0,0.0000000000),('soal',3,0,0.0000000000),('pihak',1,0,0.0000000000),('pihak',2,0,0.0000000000),('pihak',3,0,0.0000000000),('depan',1,0,0.0000000000),('depan',2,0,0.0000000000),('depan',3,0,0.0000000000),('gimik',1,0,0.0000000000),('gimik',2,0,0.0000000000),('gimik',3,0,0.0000000000),('santuy',1,0,0.0000000000),('santuy',2,0,0.0000000000),('santuy',3,0,0.0000000000),('gemoy',1,0,0.0000000000),('gemoy',2,0,0.0000000000),('gemoy',3,0,0.0000000000),('buat',1,0,0.0000000000),('buat',2,0,0.0000000000),('buat',3,0,0.0000000000),('taknbsp',1,0,0.0000000000),('taknbsp',2,0,0.0000000000),('taknbsp',3,0,0.0000000000),('kota',1,0,0.0000000000),('kota',2,0,0.0000000000),('kota',3,0,0.0000000000),('gorontalo',1,0,0.0000000000),('gorontalo',2,0,0.0000000000),('gorontalo',3,0,0.0000000000),('infopublik',1,0,0.0000000000),('infopublik',2,0,0.0000000000),('infopublik',3,0,0.0000000000),('jelang',1,0,0.0000000000),('jelang',2,0,0.0000000000),('jelang',3,0,0.0000000000),('laksana',1,0,0.0000000000),('laksana',2,0,0.0000000000),('laksana',3,0,0.0000000000),('tahun',1,0,0.0000000000),('tahun',2,0,0.0000000000),('tahun',3,0,0.0000000000),('kandidat',1,0,0.0000000000),('kandidat',2,0,0.0000000000),('kandidat',3,0,0.0000000000),('marak',1,0,0.0000000000),('marak',2,0,0.0000000000),('marak',3,0,0.0000000000),('laku',1,0,0.0000000000),('laku',2,0,0.0000000000),('laku',3,0,0.0000000000),('dorong',1,0,0.0000000000),('dorong',2,0,0.0000000000),('dorong',3,0,0.0000000000),('libat',1,0,0.0000000000),('libat',2,0,0.0000000000),('libat',3,0,0.0000000000),('perempuannbsp',1,0,0.0000000000),('perempuannbsp',2,0,0.0000000000),('perempuannbsp',3,0,0.0000000000),('kukar',1,0,0.0000000000),('kukar',2,0,0.0000000000),('kukar',3,0,0.0000000000),('rabu',1,0,0.0000000000),('rabu',2,0,0.0000000000),('rabu',3,0,0.0000000000),('anggota',1,0,0.0000000000),('anggota',2,0,0.0000000000),('anggota',3,0,0.0000000000),('bhabinkamtibmas',1,0,0.0000000000),('bhabinkamtibmas',2,0,0.0000000000),('bhabinkamtibmas',3,0,0.0000000000),('desa',1,0,0.0000000000),('desa',2,0,0.0000000000),('desa',3,0,0.0000000000),('gunung',1,0,0.0000000000),('gunung',2,0,0.0000000000),('gunung',3,0,0.0000000000),('sari',1,0,0.0000000000),('sari',2,0,0.0000000000),('sari',3,0,0.0000000000),('long',1,0,0.0000000000),('long',2,0,0.0000000000),('long',3,0,0.0000000000),('lalang',1,0,0.0000000000),('lalang',2,0,0.0000000000),('lalang',3,0,0.0000000000),('polsek',1,0,0.0000000000),('polsek',2,0,0.0000000000),('polsek',3,0,0.0000000000),('tabang',1,0,0.0000000000),('tabang',2,0,0.0000000000),('tabang',3,0,0.0000000000),('brigpol',1,0,0.0000000000),('brigpol',2,0,0.0000000000),('brigpol',3,0,0.0000000000),('nur',1,0,0.0000000000),('nur',2,0,0.0000000000),('nur',3,0,0.0000000000),('fatah',1,0,0.0000000000),('fatah',2,0,0.0000000000),('fatah',3,0,0.0000000000),('patroli',1,0,0.0000000000),('patroli',2,0,0.0000000000),('patroli',3,0,0.0000000000),('warga',1,0,0.0000000000),('warga',2,0,0.0000000000),('warga',3,0,0.0000000000),('bina',1,0,0.0000000000),('bina',2,0,0.0000000000),('bina',3,0,0.0000000000),('selalunbsp',1,0,0.0000000000),('selalunbsp',2,0,0.0000000000),('selalunbsp',3,0,0.0000000000),('kategori',1,0,0.0000000000),('kategori',2,0,0.0000000000),('kategori',3,0,0.0000000000),('tulis',1,0,0.0000000000),('tulis',2,0,0.0000000000),('tulis',3,0,0.0000000000),('kodifikasi',1,0,0.0000000000),('kodifikasi',2,0,0.0000000000),('kodifikasi',3,0,0.0000000000),('contoh',1,0,0.0000000000),('contoh',2,0,0.0000000000),('contoh',3,0,0.0000000000),('keppres',1,0,0.0000000000),('keppres',2,0,0.0000000000),('keppres',3,0,0.0000000000),('kuhp',1,0,0.0000000000),('kuhp',2,0,0.0000000000),('kuhp',3,0,0.0000000000),('hap',1,0,0.0000000000),('hap',2,0,0.0000000000),('hap',3,0,0.0000000000),('quotpada',1,0,0.0000000000),('quotpada',2,0,0.0000000000),('quotpada',3,0,0.0000000000),('temu',1,0,0.0000000000),('temu',2,0,0.0000000000),('temu',3,0,0.0000000000),('praktik',1,0,0.0000000000),('praktik',2,0,0.0000000000),('praktik',3,0,0.0000000000),('jual',1,0,0.0000000000),('jual',2,0,0.0000000000),('jual',3,0,0.0000000000),('beli',1,0,0.0000000000),('beli',2,0,0.0000000000),('beli',3,0,0.0000000000),('suara',1,0,0.0000000000),('suara',2,0,0.0000000000),('suara',3,0,0.0000000000),('orang',1,0,0.0000000000),('orang',2,0,0.0000000000),('orang',3,0,0.0000000000),('indonesianbsp',1,0,0.0000000000),('indonesianbsp',2,0,0.0000000000),('indonesianbsp',3,0,0.0000000000),('tandaseru',1,0,0.0000000000),('tandaseru',2,0,0.0000000000),('tandaseru',3,0,0.0000000000),('rektor',1,0,0.0000000000),('rektor',2,0,0.0000000000),('rektor',3,0,0.0000000000),('iii',1,0,0.0000000000),('iii',2,0,0.0000000000),('iii',3,0,0.0000000000),('bidang',1,0,0.0000000000),('bidang',2,0,0.0000000000),('bidang',3,0,0.0000000000),('kerja',1,0,0.0000000000),('kerja',2,0,0.0000000000),('kerja',3,0,0.0000000000),('mahasiswa',1,0,0.0000000000),('mahasiswa',2,0,0.0000000000),('mahasiswa',3,0,0.0000000000),('alumni',1,0,0.0000000000),('alumni',2,0,0.0000000000),('alumni',3,0,0.0000000000),('universitas',1,0,0.0000000000),('universitas',2,0,0.0000000000),('universitas',3,0,0.0000000000),('khairun',1,0,0.0000000000),('khairun',2,0,0.0000000000),('khairun',3,0,0.0000000000),('ternate',1,0,0.0000000000),('ternate',2,0,0.0000000000),('ternate',3,0,0.0000000000),('propinsi',1,0,0.0000000000),('propinsi',2,0,0.0000000000),('propinsi',3,0,0.0000000000),('malu',1,0,0.0000000000),('malu',2,0,0.0000000000),('malu',3,0,0.0000000000),('utara',1,0,0.0000000000),('utara',2,0,0.0000000000),('utara',3,0,0.0000000000),('abdul',1,0,0.0000000000),('abdul',2,0,0.0000000000),('abdul',3,0,0.0000000000),('kadir',1,0,0.0000000000),('kadir',2,0,0.0000000000),('kadir',3,0,0.0000000000),('kamalu',1,0,0.0000000000),('kamalu',2,0,0.0000000000),('kamalu',3,0,0.0000000000),('bsi',1,0,0.0000000000),('bsi',2,0,0.0000000000),('bsi',3,0,0.0000000000),('atas',1,0,0.0000000000),('atas',2,0,0.0000000000),('atas',3,0,0.0000000000),('industri',1,0,0.0000000000),('industri',2,0,0.0000000000),('industri',3,0,0.0000000000),('perban',1,0,0.0000000000),('perban',2,0,0.0000000000),('perban',3,0,0.0000000000),('tengah',1,0,0.0000000000),('tengah',2,0,0.0000000000),('tengah',3,0,0.0000000000),('tentu',1,0,0.0000000000),('tentu',2,0,0.0000000000),('tentu',3,0,0.0000000000),('penuh',1,0,0.0000000000),('penuh',2,0,0.0000000000),('penuh',3,0,0.0000000000),('tantang',1,0,0.0000000000),('tantang',2,0,0.0000000000),('tantang',3,0,0.0000000000),('ininbsp',1,0,0.0000000000),('ininbsp',2,0,0.0000000000),('ininbsp',3,0,0.0000000000),('direktur',1,0,0.0000000000),('direktur',2,0,0.0000000000),('direktur',3,0,0.0000000000),('eksekutif',1,0,0.0000000000),('eksekutif',2,0,0.0000000000),('eksekutif',3,0,0.0000000000),('indikator',1,0,0.0000000000),('indikator',2,0,0.0000000000),('indikator',3,0,0.0000000000),('burhanuddin',1,0,0.0000000000),('burhanuddin',2,0,0.0000000000),('burhanuddin',3,0,0.0000000000),('muhtadi',1,0,0.0000000000),('muhtadi',2,0,0.0000000000),('muhtadi',3,0,0.0000000000),('resmi',1,0,0.0000000000),('resmi',2,0,0.0000000000),('resmi',3,0,0.0000000000),('guru',1,0,0.0000000000),('guru',2,0,0.0000000000),('guru',3,0,0.0000000000),('ilmu',1,0,0.0000000000),('ilmu',2,0,0.0000000000),('ilmu',3,0,0.0000000000),('uin',1,0,0.0000000000),('uin',2,0,0.0000000000),('uin',3,0,0.0000000000),('syarif',1,0,0.0000000000),('syarif',2,0,0.0000000000),('syarif',3,0,0.0000000000),('hidayatullah',1,0,0.0000000000),('hidayatullah',2,0,0.0000000000),('hidayatullah',3,0,0.0000000000),('menteri',1,0,0.0000000000),('menteri',2,0,0.0000000000),('menteri',3,0,0.0000000000),('komunikasi',1,0,0.0000000000),('komunikasi',2,0,0.0000000000),('komunikasi',3,0,0.0000000000),('informatika',1,0,0.0000000000),('informatika',2,0,0.0000000000),('informatika',3,0,0.0000000000),('kembang',1,0,0.0000000000),('kembang',2,0,0.0000000000),('kembang',3,0,0.0000000000),('bijak',1,0,0.0000000000),('bijak',2,0,0.0000000000),('bijak',3,0,0.0000000000),('dukung',1,0,0.0000000000),('dukung',2,0,0.0000000000),('dukung',3,0,0.0000000000),('digital',1,0,0.0000000000),('digital',2,0,0.0000000000),('digital',3,0,0.0000000000),('wamenkominfo',1,0,0.0000000000),('wamenkominfo',2,0,0.0000000000),('wamenkominfo',3,0,0.0000000000),('nezarnbsp',1,0,0.0000000000),('nezarnbsp',2,0,0.0000000000),('nezarnbsp',3,0,0.0000000000),('kabaraktual',1,0,0.0000000000),('kabaraktual',2,0,0.0000000000),('kabaraktual',3,0,0.0000000000),('ketidakstabilan',1,0,0.0000000000),('ketidakstabilan',2,0,0.0000000000),('ketidakstabilan',3,0,0.0000000000),('lambat',1,0,0.0000000000),('lambat',2,0,0.0000000000),('lambat',3,0,0.0000000000),('kuat',1,0,0.0000000000),('kuat',2,0,0.0000000000),('kuat',3,0,0.0000000000),('saing',1,0,0.0000000000),('saing',2,0,0.0000000000),('saing',3,0,0.0000000000),('global',1,0,0.0000000000),('global',2,0,0.0000000000),('global',3,0,0.0000000000),('sistem',1,0,0.0000000000),('sistem',2,0,0.0000000000),('sistem',3,0,0.0000000000),('kapitalismenbsp',1,0,0.0000000000),('kapitalismenbsp',2,0,0.0000000000),('kapitalismenbsp',3,0,0.0000000000),('jokowi',1,0,0.0000000000),('jokowi',2,0,0.0000000000),('jokowi',3,0,0.0000000000),('keluar',1,0,0.0000000000),('keluar',2,0,0.0000000000),('keluar',3,0,0.0000000000),('nyata',1,0,0.0000000000),('nyata',2,0,0.0000000000),('nyata',3,0,0.0000000000),('rambut',1,0,0.0000000000),('rambut',2,0,0.0000000000),('rambut',3,0,0.0000000000),('putih',1,0,0.0000000000),('putih',2,0,0.0000000000),('putih',3,0,0.0000000000),('sinyal',1,0,0.0000000000),('sinyal',2,0,0.0000000000),('sinyal',3,0,0.0000000000),('ganjar',1,0,0.0000000000),('ganjar',2,0,0.0000000000),('ganjar',3,0,0.0000000000),('ikut',1,0,0.0000000000),('ikut',2,0,0.0000000000),('ikut',3,0,0.0000000000),('deret',1,0,0.0000000000),('deret',2,0,0.0000000000),('deret',3,0,0.0000000000),('respon',1,0,0.0000000000),('respon',2,0,0.0000000000),('respon',3,0,0.0000000000),('tokoh',1,0,0.0000000000),('tokoh',2,0,0.0000000000),('tokoh',3,0,0.0000000000),('kompastv',1,0,0.0000000000),('kompastv',2,0,0.0000000000),('kompastv',3,0,0.0000000000),('joko',1,0,0.0000000000),('joko',2,0,0.0000000000),('joko',3,0,0.0000000000),('widodo',1,0,0.0000000000),('widodo',2,0,0.0000000000),('widodo',3,0,0.0000000000),('sampai',1,0,0.0000000000),('sampai',2,0,0.0000000000),('sampai',3,0,0.0000000000),('pidato',1,0,0.0000000000),('pidato',2,0,0.0000000000),('pidato',3,0,0.0000000000),('banknbsp',1,0,0.0000000000),('banknbsp',2,0,0.0000000000),('banknbsp',3,0,0.0000000000),('amerika',1,0,0.0000000000),('amerika',2,0,0.0000000000),('amerika',3,0,0.0000000000),('serikat',1,0,0.0000000000),('serikat',2,0,0.0000000000),('serikat',3,0,0.0000000000),('cara',1,0,0.0000000000),('cara',2,0,0.0000000000),('cara',3,0,0.0000000000),('kuartal',1,0,0.0000000000),('kuartal',2,0,0.0000000000),('kuartal',3,0,0.0000000000),('wib',1,0,0.0000000000),('wib',2,0,0.0000000000),('wib',3,0,0.0000000000),('devi',1,0,0.0000000000),('devi',2,0,0.0000000000),('devi',3,0,0.0000000000),('handiani',1,0,0.0000000000),('handiani',2,0,0.0000000000),('handiani',3,0,0.0000000000),('asisten',1,0,0.0000000000),('asisten',2,0,0.0000000000),('asisten',3,0,0.0000000000),('intelijen',1,0,0.0000000000),('intelijen',2,0,0.0000000000),('intelijen',3,0,0.0000000000),('jaksa',1,0,0.0000000000),('jaksa',2,0,0.0000000000),('jaksa',3,0,0.0000000000),('kepri',1,0,0.0000000000),('kepri',2,0,0.0000000000),('kepri',3,0,0.0000000000),('tengku',1,0,0.0000000000),('tengku',2,0,0.0000000000),('tengku',3,0,0.0000000000),('firdaus',1,0,0.0000000000),('firdaus',2,0,0.0000000000),('firdaus',3,0,0.0000000000),('suluh',1,0,0.0000000000),('suluh',2,0,0.0000000000),('suluh',3,0,0.0000000000),('baginbsp',1,0,0.0000000000),('baginbsp',2,0,0.0000000000),('baginbsp',3,0,0.0000000000),('lemah',1,0,0.0000000000),('lemah',2,0,0.0000000000),('lemah',3,0,0.0000000000),('salah',1,0,0.0000000000),('salah',2,0,0.0000000000),('salah',3,0,0.0000000000),('satu',1,0,0.0000000000),('satu',2,0,0.0000000000),('satu',3,0,0.0000000000),('hambat',1,0,0.0000000000),('hambat',2,0,0.0000000000),('hambat',3,0,0.0000000000),('utama',1,0,0.0000000000),('utama',2,0,0.0000000000),('utama',3,0,0.0000000000),('investor',1,0,0.0000000000),('investor',2,0,0.0000000000),('investor',3,0,0.0000000000),('asing',1,0,0.0000000000),('asing',2,0,0.0000000000),('asing',3,0,0.0000000000),('domestik',1,0,0.0000000000),('domestik',2,0,0.0000000000),('domestik',3,0,0.0000000000),('investasi',1,0,0.0000000000),('investasi',2,0,0.0000000000),('investasi',3,0,0.0000000000),('tanah',1,0,0.0000000000),('tanah',2,0,0.0000000000),('tanah',3,0,0.0000000000),('air',1,0,0.0000000000),('air',2,0,0.0000000000),('air',3,0,0.0000000000),('kantor',1,0,0.0000000000),('kantor',2,0,0.0000000000),('kantor',3,0,0.0000000000),('wilayah',1,0,0.0000000000),('wilayah',2,0,0.0000000000),('wilayah',3,0,0.0000000000),('ham',1,0,0.0000000000),('ham',2,0,0.0000000000),('ham',3,0,0.0000000000),('kanwil',1,0,0.0000000000),('kanwil',2,0,0.0000000000),('kanwil',3,0,0.0000000000),('kemenkumham',1,0,0.0000000000),('kemenkumham',2,0,0.0000000000),('kemenkumham',3,0,0.0000000000),('dki',1,0,0.0000000000),('dki',2,0,0.0000000000),('dki',3,0,0.0000000000),('rt',1,0,0.0000000000),('rt',2,0,0.0000000000),('rt',3,0,0.0000000000),('rwnbsp',1,0,0.0000000000),('rwnbsp',2,0,0.0000000000),('rwnbsp',3,0,0.0000000000),('jubir',1,0,0.0000000000),('jubir',2,0,0.0000000000),('jubir',3,0,0.0000000000),('prabowogibran',1,0,0.0000000000),('prabowogibran',2,0,0.0000000000),('prabowogibran',3,0,0.0000000000),('fanta',1,0,0.0000000000),('fanta',2,0,0.0000000000),('fanta',3,0,0.0000000000),('hq',1,0,0.0000000000),('hq',2,0,0.0000000000),('hq',3,0,0.0000000000),('dedek',1,0,0.0000000000),('dedek',2,0,0.0000000000),('dedek',3,0,0.0000000000),('prayudi',1,0,0.0000000000),('prayudi',2,0,0.0000000000),('prayudi',3,0,0.0000000000),('kata',1,0,0.0000000000),('kata',2,0,0.0000000000),('kata',3,0,0.0000000000),('tawar',1,0,0.0000000000),('tawar',2,0,0.0000000000),('tawar',3,0,0.0000000000),('harapannbsp',1,0,0.0000000000),('harapannbsp',2,0,0.0000000000),('harapannbsp',3,0,0.0000000000),('samarinda',1,0,0.0000000000),('samarinda',2,0,0.0000000000),('samarinda',3,0,0.0000000000),('kalimantan',1,0,0.0000000000),('kalimantan',2,0,0.0000000000),('kalimantan',3,0,0.0000000000),('tomur',1,0,0.0000000000),('tomur',2,0,0.0000000000),('tomur',3,0,0.0000000000),('kaltim',1,0,0.0000000000),('kaltim',2,0,0.0000000000),('kaltim',3,0,0.0000000000),('pulih',1,0,0.0000000000),('pulih',2,0,0.0000000000),('pulih',3,0,0.0000000000),('baik',1,0,0.0000000000),('baik',2,0,0.0000000000),('baik',3,0,0.0000000000),('tahu',1,0,0.0000000000),('tahu',2,0,0.0000000000),('tahu',3,0,0.0000000000),('nbsp',1,0,0.0000000000),('nbsp',2,0,0.0000000000),('nbsp',3,0,0.0000000000),('oecd',1,0,0.0000000000),('oecd',2,0,0.0000000000),('oecd',3,0,0.0000000000),('moderat',1,0,0.0000000000),('moderat',2,0,0.0000000000),('moderat',3,0,0.0000000000),('dampak',1,0,0.0000000000),('dampak',2,0,0.0000000000),('dampak',3,0,0.0000000000),('ketat',1,0,0.0000000000),('ketat',2,0,0.0000000000),('ketat',3,0,0.0000000000),('moneter',1,0,0.0000000000),('moneter',2,0,0.0000000000),('moneter',3,0,0.0000000000),('dagang',1,0,0.0000000000),('dagang',2,0,0.0000000000),('dagang',3,0,0.0000000000),('pakar',1,0,0.0000000000),('pakar',2,0,0.0000000000),('pakar',3,0,0.0000000000),('andalas',1,0,0.0000000000),('andalas',2,0,0.0000000000),('andalas',3,0,0.0000000000),('asrinaldi',1,0,0.0000000000),('asrinaldi',2,0,0.0000000000),('asrinaldi',3,0,0.0000000000),('quotgemoyquot',1,0,0.0000000000),('quotgemoyquot',2,0,0.0000000000),('quotgemoyquot',3,0,0.0000000000),('bumerang',1,0,0.0000000000),('bumerang',2,0,0.0000000000),('bumerang',3,0,0.0000000000),('pasang',1,0,0.0000000000),('pasang',2,0,0.0000000000),('pasang',3,0,0.0000000000),('subiantogibrannbsp',1,0,0.0000000000),('subiantogibrannbsp',2,0,0.0000000000),('subiantogibrannbsp',3,0,0.0000000000),('quotapakah',1,0,0.0000000000),('quotapakah',2,0,0.0000000000),('quotapakah',3,0,0.0000000000),('israel',1,0,0.0000000000),('israel',2,0,0.0000000000),('israel',3,0,0.0000000000),('internasional',1,0,0.0000000000),('internasional',2,0,0.0000000000),('internasional',3,0,0.0000000000),('humaniter',1,0,0.0000000000),('humaniter',2,0,0.0000000000),('humaniter',3,0,0.0000000000),('internasionalquot',1,0,0.0000000000),('internasionalquot',2,0,0.0000000000),('internasionalquot',3,0,0.0000000000),('retno',1,0,0.0000000000),('retno',2,0,0.0000000000),('retno',3,0,0.0000000000),('pernyataannbsp',1,0,0.0000000000),('pernyataannbsp',2,0,0.0000000000),('pernyataannbsp',3,0,0.0000000000),('juru',1,0,0.0000000000),('juru',2,0,0.0000000000),('juru',3,0,0.0000000000),('bicara',1,0,0.0000000000),('bicara',2,0,0.0000000000),('bicara',3,0,0.0000000000),('ban',1,0,0.0000000000),('ban',2,0,0.0000000000),('ban',3,0,0.0000000000),('gibran',1,0,0.0000000000),('gibran',2,0,0.0000000000),('gibran',3,0,0.0000000000),('produk',1,0,0.0000000000),('produk',2,0,0.0000000000),('produk',3,0,0.0000000000),('bpolitikbnbsp',1,0,0.0000000000),('bpolitikbnbsp',2,0,0.0000000000),('bpolitikbnbsp',3,0,0.0000000000),('jawaposcomjuru',1,0,0.0000000000),('jawaposcomjuru',2,0,0.0000000000),('jawaposcomjuru',3,0,0.0000000000),('bentuk',1,0,0.0000000000),('bentuk',2,0,0.0000000000),('bentuk',3,0,0.0000000000),('aja',1,0,0.0000000000),('aja',2,0,0.0000000000),('aja',3,0,0.0000000000),('kepadanbsp',1,0,0.0000000000),('kepadanbsp',2,0,0.0000000000),('kepadanbsp',3,0,0.0000000000),('ambil',1,0,0.0000000000),('ambil',2,0,0.0000000000),('ambil',3,0,0.0000000000),('judul',1,0,0.0000000000),('judul',2,0,0.0000000000),('judul',3,0,0.0000000000),('kreatip',1,0,0.0000000000),('kreatip',2,0,0.0000000000),('kreatip',3,0,0.0000000000),('kaum',1,0,0.0000000000),('kaum',2,0,0.0000000000),('kaum',3,0,0.0000000000),('politis',1,0,0.0000000000),('politis',2,0,0.0000000000),('politis',3,0,0.0000000000),('asal',1,0,0.0000000000),('asal',2,0,0.0000000000),('asal',3,0,0.0000000000),('luncur',1,0,0.0000000000),('luncur',2,0,0.0000000000),('luncur',3,0,0.0000000000),('buku',1,0,0.0000000000),('buku',2,0,0.0000000000),('buku',3,0,0.0000000000),('karya',1,0,0.0000000000),('karya',2,0,0.0000000000),('karya',3,0,0.0000000000),('cafe',1,0,0.0000000000),('cafe',2,0,0.0000000000),('cafe',3,0,0.0000000000),('semarang',1,0,0.0000000000),('semarang',2,0,0.0000000000),('semarang',3,0,0.0000000000),('selasa',1,0,0.0000000000),('selasa',2,0,0.0000000000),('selasa',3,0,0.0000000000),('bank',1,0,0.0000000000),('bank',2,0,0.0000000000),('bank',3,0,0.0000000000),('bi',1,0,0.0000000000),('bi',2,0,0.0000000000),('bi',3,0,0.0000000000),('banding',1,0,0.0000000000),('banding',2,0,0.0000000000),('banding',3,0,0.0000000000),('quotdari',1,0,0.0000000000),('quotdari',2,0,0.0000000000),('quotdari',3,0,0.0000000000),('hasil',1,0,0.0000000000),('hasil',2,0,0.0000000000),('hasil',3,0,0.0000000000),('bahas',1,0,0.0000000000),('bahas',2,0,0.0000000000),('bahas',3,0,0.0000000000),('kpk',1,0,0.0000000000),('kpk',2,0,0.0000000000),('kpk',3,0,0.0000000000),('sepakat',1,0,0.0000000000),('sepakat',2,0,0.0000000000),('sepakat',3,0,0.0000000000),('bantu',1,0,0.0000000000),('bantu',2,0,0.0000000000),('bantu',3,0,0.0000000000),('kait',1,0,0.0000000000),('kait',2,0,0.0000000000),('kait',3,0,0.0000000000),('sidi',1,0,0.0000000000),('sidi',2,0,0.0000000000),('sidi',3,0,0.0000000000),('perkara',1,0,0.0000000000),('perkara',2,0,0.0000000000),('perkara',3,0,0.0000000000),('duga',1,0,0.0000000000),('duga',2,0,0.0000000000),('duga',3,0,0.0000000000),('tindak',1,0,0.0000000000),('tindak',2,0,0.0000000000),('tindak',3,0,0.0000000000),('korupsi',1,0,0.0000000000),('korupsi',2,0,0.0000000000),('korupsi',3,0,0.0000000000),('sedangnbsp',1,0,0.0000000000),('sedangnbsp',2,0,0.0000000000),('sedangnbsp',3,0,0.0000000000),('jarang',1,0,0.0000000000),('jarang',2,0,0.0000000000),('jarang',3,0,0.0000000000),('sekolah',1,0,0.0000000000),('sekolah',2,0,0.0000000000),('sekolah',3,0,0.0000000000),('bawa',1,0,0.0000000000),('bawa',2,0,0.0000000000),('bawa',3,0,0.0000000000),('ranah',1,0,0.0000000000),('ranah',2,0,0.0000000000),('ranah',3,0,0.0000000000),('bhukumbquot',1,0,0.0000000000),('bhukumbquot',2,0,0.0000000000),('bhukumbquot',3,0,0.0000000000),('tutur',1,0,0.0000000000),('tutur',2,0,0.0000000000),('tutur',3,0,0.0000000000),('kasusnbsp',1,0,0.0000000000),('kasusnbsp',2,0,0.0000000000),('kasusnbsp',3,0,0.0000000000),('meminimalisir',1,0,0.0000000000),('meminimalisir',2,0,0.0000000000),('meminimalisir',3,0,0.0000000000),('strategi',1,0,0.0000000000),('strategi',2,0,0.0000000000),('strategi',3,0,0.0000000000),('mesti',1,0,0.0000000000),('mesti',2,0,0.0000000000),('mesti',3,0,0.0000000000),('guna',1,0,0.0000000000),('guna',2,0,0.0000000000),('guna',3,0,0.0000000000),('celah',1,0,0.0000000000),('celah',2,0,0.0000000000),('celah',3,0,0.0000000000),('normatif',1,0,0.0000000000),('normatif',2,0,0.0000000000),('normatif',3,0,0.0000000000),('nampak',1,0,0.0000000000),('nampak',2,0,0.0000000000),('nampak',3,0,0.0000000000),('adanyanbsp',1,0,0.0000000000),('adanyanbsp',2,0,0.0000000000),('adanyanbsp',3,0,0.0000000000),('bangun',1,0,0.0000000000),('bangun',2,0,0.0000000000),('bangun',3,0,0.0000000000),('ibu',1,0,0.0000000000),('ibu',2,0,0.0000000000),('ibu',3,0,0.0000000000),('nusantara',1,0,0.0000000000),('nusantara',2,0,0.0000000000),('nusantara',3,0,0.0000000000),('ikn',1,0,0.0000000000),('ikn',2,0,0.0000000000),('ikn',3,0,0.0000000000),('tuju',1,0,0.0000000000),('tuju',2,0,0.0000000000),('tuju',3,0,0.0000000000),('cipta',1,0,0.0000000000),('cipta',2,0,0.0000000000),('cipta',3,0,0.0000000000),('perata',1,0,0.0000000000),('perata',2,0,0.0000000000),('perata',3,0,0.0000000000),('duduk',1,0,0.0000000000),('duduk',2,0,0.0000000000),('duduk',3,0,0.0000000000),('teknologi',1,0,0.0000000000),('teknologi',2,0,0.0000000000),('teknologi',3,0,0.0000000000),('kontribusi',1,0,0.0000000000),('kontribusi',2,0,0.0000000000),('kontribusi',3,0,0.0000000000),('sektor',1,0,0.0000000000),('sektor',2,0,0.0000000000),('sektor',3,0,0.0000000000),('dapat',1,0,0.0000000000),('dapat',2,0,0.0000000000),('dapat',3,0,0.0000000000),('bruto',1,0,0.0000000000),('bruto',2,0,0.0000000000),('bruto',3,0,0.0000000000),('menterinbsp',1,0,0.0000000000),('menterinbsp',2,0,0.0000000000),('menterinbsp',3,0,0.0000000000),('donny',1,0,0.0000000000),('donny',2,0,0.0000000000),('donny',3,0,0.0000000000),('b',1,0,0.0000000000),('b',2,0,0.0000000000),('b',3,0,0.0000000000),('u',1,0,0.0000000000),('u',2,0,0.0000000000),('u',3,0,0.0000000000),('virtual',1,0,0.0000000000),('virtual',2,0,0.0000000000),('virtual',3,0,0.0000000000),('class',1,0,0.0000000000),('class',2,0,0.0000000000),('class',3,0,0.0000000000),('cek',1,0,0.0000000000),('cek',2,0,0.0000000000),('cek',3,0,0.0000000000),('fakta',1,0,0.0000000000),('fakta',2,0,0.0000000000),('fakta',3,0,0.0000000000),('liputancom',1,0,0.0000000000),('liputancom',2,0,0.0000000000),('liputancom',3,0,0.0000000000),('hoaks',1,0,0.0000000000),('hoaks',2,0,0.0000000000),('hoaks',3,0,0.0000000000),('ai',1,0,0.0000000000),('ai',2,0,0.0000000000),('ai',3,0,0.0000000000),('ancam',1,0,0.0000000000),('ancam',2,0,0.0000000000),('ancam',3,0,0.0000000000),('tangkal',1,0,0.0000000000),('tangkal',2,0,0.0000000000),('tangkal',3,0,0.0000000000),('advertisement',1,0,0.0000000000),('advertisement',2,0,0.0000000000),('advertisement',3,0,0.0000000000),('ungkap',1,0,0.0000000000),('ungkap',2,0,0.0000000000),('ungkap',3,0,0.0000000000),('patut',1,0,0.0000000000),('patut',2,0,0.0000000000),('patut',3,0,0.0000000000),('bangga',1,0,0.0000000000),('bangga',2,0,0.0000000000),('bangga',3,0,0.0000000000),('resiko',1,0,0.0000000000),('resiko',2,0,0.0000000000),('resiko',3,0,0.0000000000),('perang',1,0,0.0000000000),('perang',2,0,0.0000000000),('perang',3,0,0.0000000000),('rusia',1,0,0.0000000000),('rusia',2,0,0.0000000000),('rusia',3,0,0.0000000000),('ukraina',1,0,0.0000000000),('ukraina',2,0,0.0000000000),('ukraina',3,0,0.0000000000),('china',1,0,0.0000000000),('china',2,0,0.0000000000),('china',3,0,0.0000000000),('konflik',1,0,0.0000000000),('konflik',2,0,0.0000000000),('konflik',3,0,0.0000000000),('israelnbsp',1,0,0.0000000000),('israelnbsp',2,0,0.0000000000),('israelnbsp',3,0,0.0000000000),('telusur',1,0,0.0000000000),('telusur',2,0,0.0000000000),('telusur',3,0,0.0000000000),('jumlah',1,0,0.0000000000),('jumlah',2,0,0.0000000000),('jumlah',3,0,0.0000000000),('putar',1,0,0.0000000000),('putar',2,0,0.0000000000),('putar',3,0,0.0000000000),('quotmereka',1,0,0.0000000000),('quotmereka',2,0,0.0000000000),('quotmereka',3,0,0.0000000000),('enggan',1,0,0.0000000000),('enggan',2,0,0.0000000000),('enggan',3,0,0.0000000000),('bidik',1,0,0.0000000000),('bidik',2,0,0.0000000000),('bidik',3,0,0.0000000000),('ambang',1,0,0.0000000000),('ambang',2,0,0.0000000000),('ambang',3,0,0.0000000000),('karna',1,0,0.0000000000),('karna',2,0,0.0000000000),('karna',3,0,0.0000000000),('anggap',1,0,0.0000000000),('anggap',2,0,0.0000000000),('anggap',3,0,0.0000000000),('terima',1,0,0.0000000000),('terima',2,0,0.0000000000),('terima',3,0,0.0000000000),('diandalkanquot',1,0,0.0000000000),('diandalkanquot',2,0,0.0000000000),('diandalkanquot',3,0,0.0000000000),('ujar',1,0,0.0000000000),('ujar',2,0,0.0000000000),('ujar',3,0,0.0000000000),('mengakuinbsp',1,0,0.0000000000),('mengakuinbsp',2,0,0.0000000000),('mengakuinbsp',3,0,0.0000000000),('hilang',1,0,0.0000000000),('hilang',2,0,0.0000000000),('hilang',3,0,0.0000000000),('independensi',1,0,0.0000000000),('independensi',2,0,0.0000000000),('independensi',3,0,0.0000000000),('wibawa',1,0,0.0000000000),('wibawa',2,0,0.0000000000),('wibawa',3,0,0.0000000000),('alat',1,0,0.0000000000),('alat',2,0,0.0000000000),('alat',3,0,0.0000000000),('wujud',1,0,0.0000000000),('wujud',2,0,0.0000000000),('wujud',3,0,0.0000000000),('adil',1,0,0.0000000000),('adil',2,0,0.0000000000),('adil',3,0,0.0000000000),('yogya',1,0,0.0000000000),('yogya',2,0,0.0000000000),('yogya',3,0,0.0000000000),('okezone',1,0,0.0000000000),('okezone',2,0,0.0000000000),('okezone',3,0,0.0000000000),('news',1,0,0.0000000000),('news',2,0,0.0000000000),('news',3,0,0.0000000000),('singgung',1,0,0.0000000000),('singgung',2,0,0.0000000000),('singgung',3,0,0.0000000000),('kukuh',1,0,0.0000000000),('kukuh',2,0,0.0000000000),('kukuh',3,0,0.0000000000),('ilmunbsp',1,0,0.0000000000),('ilmunbsp',2,0,0.0000000000),('ilmunbsp',3,0,0.0000000000),('penandatanganan',1,0,0.0000000000),('penandatanganan',2,0,0.0000000000),('penandatanganan',3,0,0.0000000000),('kerjasama',1,0,0.0000000000),('kerjasama',2,0,0.0000000000),('kerjasama',3,0,0.0000000000),('perdata',1,0,0.0000000000),('perdata',2,0,0.0000000000),('perdata',3,0,0.0000000000),('tata',1,0,0.0000000000),('tata',2,0,0.0000000000),('tata',3,0,0.0000000000),('usaha',1,0,0.0000000000),('usaha',2,0,0.0000000000),('usaha',3,0,0.0000000000),('dprd',1,0,0.0000000000),('dprd',2,0,0.0000000000),('dprd',3,0,0.0000000000),('kabupaten',1,0,0.0000000000),('kabupaten',2,0,0.0000000000),('kabupaten',3,0,0.0000000000),('sumbawa',1,0,0.0000000000),('sumbawa',2,0,0.0000000000),('sumbawa',3,0,0.0000000000),('sumbawanbsp',1,0,0.0000000000),('sumbawanbsp',2,0,0.0000000000),('sumbawanbsp',3,0,0.0000000000),('nafkah',1,0,0.0000000000),('nafkah',2,0,0.0000000000),('nafkah',3,0,0.0000000000),('butuh',1,0,0.0000000000),('butuh',2,0,0.0000000000),('butuh',3,0,0.0000000000),('saifuddin',1,0,0.0000000000),('saifuddin',2,0,0.0000000000),('saifuddin',3,0,0.0000000000),('lapor',1,0,0.0000000000),('lapor',2,0,0.0000000000),('lapor',3,0,0.0000000000),('maulid',1,0,0.0000000000),('maulid',2,0,0.0000000000),('maulid',3,0,0.0000000000),('alfata',1,0,0.0000000000),('alfata',2,0,0.0000000000),('alfata',3,0,0.0000000000),('aceh',1,0,0.0000000000),('aceh',2,0,0.0000000000),('aceh',3,0,0.0000000000),('timur',1,0,0.0000000000),('timur',2,0,0.0000000000),('timur',3,0,0.0000000000),('serambinewscom',1,0,0.0000000000),('serambinewscom',2,0,0.0000000000),('serambinewscom',3,0,0.0000000000),('syariahnbsp',1,0,0.0000000000),('syariahnbsp',2,0,0.0000000000),('syariahnbsp',3,0,0.0000000000),('dasar',1,0,0.0000000000),('dasar',2,0,0.0000000000),('dasar',3,0,0.0000000000),('economic',1,0,0.0000000000),('economic',2,0,0.0000000000),('economic',3,0,0.0000000000),('outlook',1,0,0.0000000000),('outlook',2,0,0.0000000000),('outlook',3,0,0.0000000000),('baru',1,0,0.0000000000),('baru',2,0,0.0000000000),('baru',3,0,0.0000000000),('kira',1,0,0.0000000000),('kira',2,0,0.0000000000),('kira',3,0,0.0000000000),('gera',1,0,0.0000000000),('gera',2,0,0.0000000000),('gera',3,0,0.0000000000),('pasuk',1,0,0.0000000000),('pasuk',2,0,0.0000000000),('pasuk',3,0,0.0000000000),('politik',1,0,0.0000000000),('politik',2,0,0.0000000000),('politik',3,0,0.0000000000),('ajang',1,0,0.0000000000),('ajang',2,0,0.0000000000),('ajang',3,0,0.0000000000),('beritanbsp',1,0,0.0000000000),('beritanbsp',2,0,0.0000000000),('beritanbsp',3,0,0.0000000000),('kepala',1,0,0.0000000000),('kepala',2,0,0.0000000000),('kepala',3,0,0.0000000000),('terin',1,0,0.0000000000),('terin',2,0,0.0000000000),('terin',3,0,0.0000000000),('barat',1,0,0.0000000000),('barat',2,0,0.0000000000),('barat',3,0,0.0000000000),('muhammad',1,0,0.0000000000),('muhammad',2,0,0.0000000000),('muhammad',3,0,0.0000000000),('tito',1,0,0.0000000000),('tito',2,0,0.0000000000),('tito',3,0,0.0000000000),('andrianto',1,0,0.0000000000),('andrianto',2,0,0.0000000000),('andrianto',3,0,0.0000000000),('sambut',1,0,0.0000000000),('sambut',2,0,0.0000000000),('sambut',3,0,0.0000000000),('mengatakansejak',1,0,0.0000000000),('mengatakansejak',2,0,0.0000000000),('mengatakansejak',3,0,0.0000000000),('labuha',1,0,0.0000000000),('labuha',2,0,0.0000000000),('labuha',3,0,0.0000000000),('mantan',1,0,0.0000000000),('mantan',2,0,0.0000000000),('mantan',3,0,0.0000000000),('kabag',1,0,0.0000000000),('kabag',2,0,0.0000000000),('kabag',3,0,0.0000000000),('setda',1,0,0.0000000000),('setda',2,0,0.0000000000),('setda',3,0,0.0000000000),('halmahera',1,0,0.0000000000),('halmahera',2,0,0.0000000000),('halmahera',3,0,0.0000000000),('selatan',1,0,0.0000000000),('selatan',2,0,0.0000000000),('selatan',3,0,0.0000000000),('rusdi',1,0,0.0000000000),('rusdi',2,0,0.0000000000),('rusdi',3,0,0.0000000000),('hasan',1,0,0.0000000000),('hasan',2,0,0.0000000000),('hasan',3,0,0.0000000000),('buka',1,0,0.0000000000),('buka',2,0,0.0000000000),('buka',3,0,0.0000000000),('tahap',1,0,0.0000000000),('tahap',2,0,0.0000000000),('tahap',3,0,0.0000000000),('sidang',1,0,0.0000000000),('sidang',2,0,0.0000000000),('sidang',3,0,0.0000000000),('gugatannbsp',1,0,0.0000000000),('gugatannbsp',2,0,0.0000000000),('gugatannbsp',3,0,0.0000000000),('bahasa',1,0,0.0000000000),('bahasa',2,0,0.0000000000),('bahasa',3,0,0.0000000000),('fuqaha',1,0,0.0000000000),('fuqaha',2,0,0.0000000000),('fuqaha',3,0,0.0000000000),('arab',1,0,0.0000000000),('arab',2,0,0.0000000000),('arab',3,0,0.0000000000),('milik',1,0,0.0000000000),('milik',2,0,0.0000000000),('milik',3,0,0.0000000000),('arti',1,0,0.0000000000),('arti',2,0,0.0000000000),('arti',3,0,0.0000000000),('ahli',1,0,0.0000000000),('ahli',2,0,0.0000000000),('ahli',3,0,0.0000000000),('fiqih',1,0,0.0000000000),('fiqih',2,0,0.0000000000),('fiqih',3,0,0.0000000000),('islam',1,0,0.0000000000),('islam',2,0,0.0000000000),('islam',3,0,0.0000000000),('istilah',1,0,0.0000000000),('istilah',2,0,0.0000000000),('istilah',3,0,0.0000000000),('fuqahanbsp',1,0,0.0000000000),('fuqahanbsp',2,0,0.0000000000),('fuqahanbsp',3,0,0.0000000000),('pamer',1,0,0.0000000000),('pamer',2,0,0.0000000000),('pamer',3,0,0.0000000000),('stabil',1,0,0.0000000000),('stabil',2,0,0.0000000000),('stabil',3,0,0.0000000000),('kisarannbsp',1,0,0.0000000000),('kisarannbsp',2,0,0.0000000000),('kisarannbsp',3,0,0.0000000000),('komissi',1,0,0.0000000000),('komissi',2,0,0.0000000000),('komissi',3,0,0.0000000000),('pembrantas',1,0,0.0000000000),('pembrantas',2,0,0.0000000000),('pembrantas',3,0,0.0000000000),('mengatasnamakan',1,0,0.0000000000),('mengatasnamakan',2,0,0.0000000000),('mengatasnamakan',3,0,0.0000000000),('rakyat',1,0,0.0000000000),('rakyat',2,0,0.0000000000),('rakyat',3,0,0.0000000000),('bagus',1,0,0.0000000000),('bagus',2,0,0.0000000000),('bagus',3,0,0.0000000000),('libatkannbsp',1,0,0.0000000000),('libatkannbsp',2,0,0.0000000000),('libatkannbsp',3,0,0.0000000000);

#
# Structure for table "probabilitas_kategori_2211501388"
#

DROP TABLE IF EXISTS `probabilitas_kategori_2211501388`;
CREATE TABLE `probabilitas_kategori_2211501388` (
  `id_kategori` int(11) NOT NULL,
  `jml_data` int(11) DEFAULT 0,
  `nilai_probabilitas` float(10,10) DEFAULT 0.0000000000,
  `tmp_nilai` float(10,10) DEFAULT NULL,
  PRIMARY KEY (`id_kategori`)
) ENGINE=InnoDB DEFAULT CHARSET=utf8mb4 COLLATE=utf8mb4_general_ci;

#
# Data for table "probabilitas_kategori_2211501388"
#


#
# Structure for table "slangword_2211501388"
#

DROP TABLE IF EXISTS `slangword_2211501388`;
CREATE TABLE `slangword_2211501388` (
  `kata_tbaku` varchar(50) NOT NULL,
  `kata_baku` varchar(100) NOT NULL
) ENGINE=InnoDB DEFAULT CHARSET=utf8mb4 COLLATE=utf8mb4_general_ci;

#
# Data for table "slangword_2211501388"
#

INSERT INTO `slangword_2211501388` VALUES ('abjad ','abjat\r'),('advokat','adpokat\r'),('adhesi ','adesi\r'),('afdal ','afdol\r'),('aktif ','aktip\r'),('aktivitas ','aktifitas\r'),('akuatik ','aquatik\r'),('ambeien ','ambeyen\r'),('alarm ','alaram\r'),('ambulans ','ambulan\r'),('amendemen ','amandemen\r'),('amfibi ','ampibi\r'),('amonia ','amoniak\r'),('analisis ','analisa\r'),('andal ','handal\r'),('antre ','antri\r'),('apotek ','apotik\r'),('artefak ','artifak\r'),('asas ','azas\r'),('astronout ','astronot\r'),('asyik ','asik\r'),('ateis ','atheis\r'),('ateisme ','atheisme\r'),('atlet ','atlit\r'),('atmosfer ','atmosfir\r'),('autentik ','otentik\r'),('azan ','adzan\r'),('balig ','baligh\r'),('balsam ','balsem\r'),('baterai ','baterei\r'),('berandal ','brandal\r'),('berantas ','brantas\r'),('berengsek ','brengsek\r'),('berpikir ','berfikir\r'),('bertanggung jawab ','bertanggungjawab\r'),('bolpoin ','bolpen\r'),('brankas ','berankas\r'),('bujet ','budget\r'),('boling ','bowling\r'),('boraks ','borax\r'),('bus ','bis\r'),('cabai ','cabe\r'),('capai ','capek\r'),('cecak ','cicak\r'),('cedera ','cidera\r'),('cendekia ','cendikia\r'),('cendekiawan ','cendikiawan\r'),('cendera mata ','cenderamata\r'),('cengkerama ','cengkrama\r'),('cengkih ','cengkeh\r'),('cokelat ','coklat\r'),('daftar ','daptar\r'),('dahsyat ','dasyat\r'),('dahulu ','dulu\r'),('darmasiswa ','darma siswa\r'),('darmawisata ','darma wisata\r'),('dasbor ','dasbord\r'),('debitur ','debitor\r'),('detail ','detil\r'),('detergen ','deterjen\r'),('digit ','dijit\r'),('diagnosis ','diagnosa\r'),('diferensial ','differensial\r'),('dolar ','dollar\r'),('doping ','dopping\r'),('dram / drum ','drem\r'),('durian ','duren\r'),('efektif ','efektip\r'),('eksplisit ','explisit\r'),('eksponen ','eksponent\r'),('ekspor ','eksport\r'),('ekspres ','expres\r'),('ekstra ','extra\r'),('ekstrem ','ekstrim\r'),('ekuivalen ','ekuifalen\r'),('elite ','elit\r'),('embus ','hembus\r'),('esai ','esei\r'),('faksimile ','faksimili\r'),('februari ','pebruari\r'),('figur ','figure\r'),('fondasi ','pondasi\r'),('formal ','formil\r'),('fosfor ','pospor\r'),('foto ','photo\r'),('fotokopi ','photokopi\r'),('fotosintesis ','fotosintesa\r'),('fotomodel ','foto-model\r'),('fraksinasi ','fraksinase\r'),('frasa ','frase\r'),('frekuensi ','frekwensi\r'),('gaib ','ghaib / ghoib\r'),('gangster ','gengster\r'),('ganjal ','ganjel\r'),('gatal ','gatel\r'),('gelora ','glora\r'),('geladi ','gladi\r'),('genius ','jenius\r'),('gereget ','greget\r'),('gizi ','giji\r'),('gua ','goa\r'),('gubuk ','gubug\r'),('gudeg','gudek\r'),('hadis','hadist\r'),('hafal ','hapal\r'),('hakikat ','hakekat\r'),('hangus ','angus\r'),('hektare ','hektar\r'),('herpes ','herves\r'),('heterografi ','hetrografi\r'),('hipotesis ','hipotesa\r'),('histori ','history\r'),('idiil ','idil\r'),('ihram ','ikhram\r'),('ijazah ','ijasah\r'),('ikhlas ','iklas / ihlas\r'),('imbau ','himbau\r'),('impor ','import\r'),('indra ','indera\r'),('insaf ','insyaf\r'),('intens ','inten\r'),('inti sari ','intisari\r'),('isap ','hisap\r'),('isra ','isra?\r'),('istigfar ','istighfar\r'),('istri ','isteri\r'),('intermeso ','intemezo\r'),('izin ','ijin\r'),('jadwal ','jadual\r'),('jagat ','jagat\r'),('jaiz ','jais\r'),('jasad ','jasat\r'),('jemaah ','jamaah\r'),('jenazah ','jenasah\r'),('jenderal ','jendral\r'),('judo ','yudo\r'),('jumat ','jum?at\r'),('junior ','yunior\r'),('juri ','yuri\r'),('kaidah ','kaedah\r'),('kakbah ','kaabah / ka?bah\r'),('kanker ','kangker\r'),('karena ','karna?\r'),('karier ','karir\r'),('karisma ','kharisma\r'),('karnaval ','karnafal\r'),('kasrah ','kasroh\r'),('katalisis ','katalisa\r'),('katapel ','ketapel\r'),('kategori ','katagori\r'),('kebun ','kebon\r'),('kedaluwarsa ','kadaluarsa / kadaluwarsa\r'),('kedelai ','kedelei\r'),('kelengkeng ','klengkeng\r'),('kendur ','kendor\r'),('khatam ','katam / hatam\r'),('khawatir ','kuatir\r'),('khotbah ','khutbah\r'),('kiai ','kyai\r'),('klien ','client\r'),('kliping ','keliping\r'),('kloter ','keloter\r'),('koboi ','koboy\r'),('komersial ','komersil\r'),('kompleks ','komplek\r'),('komplet ','komplit\r'),('kongres ','konggres\r'),('konsumtif ','konsumtip\r'),('koordinasi ','koordinir\r'),('korsleting ','konsleting\r'),('kosa kata ','kosakata\r'),('kreatif ','kreatip\r'),('kreativitas ','kreatifitas\r'),('kreditur ','kreditor\r'),('kualifikasi ','kwalifikasi\r'),('kualitas ','kwalitas\r'),('kuantitatif ','kwantitatif\r'),('kuitansi ','kwitansi\r'),('label ','lebel\r'),('lafal ','lapal\r'),('legalisasi ','legalisir\r'),('lembab ','lembap\r'),('litosfer ','litosfir\r'),('lubang ','lobang\r'),('maaf ','maap\r'),('macam ','macem\r'),('magrib ','maghrib\r'),('maksimum ','maximum\r'),('mangkuk ','mangkok\r'),('mantra ','mantera\r'),('massal ','masal\r'),('masjid ','mesjid\r'),('memengaruhi ','mempengaruhi\r'),('mengonsumsi ','mengkonsumsi\r'),('mengubah ','merubah\r'),('menteri ','mentri\r'),('menyontek ','mencontek\r'),('merek ','merk\r'),('mesosfer ','mesosfir\r'),('meterai ','materai\r'),('metode ','metoda\r'),('mikraj ','mi?raj\r'),('misi ','missi\r'),('miliar ','miliyar\r'),('mulia ','mulya\r'),('nakhoda ','nahkoda\r'),('napas ','nafas\r'),('narasumber ','nara sumber\r'),('nasihat ','nasehat\r'),('negeri ','negri\r'),('neto ','netto\r'),('nomor ','nomer\r'),('nonblok ','non-blok\r'),('nonmiliter ','non militer\r'),('notula ','notulen\r'),('november ','nopember\r'),('objek ','obyek\r'),('objektif ','obyektif\r'),('oke ','ok\r'),('omzet ','omset\r'),('organisasi ','organisir\r'),('orisinal ','orisinil\r'),('paham ','faham\r'),('pahit ','pait\r'),('palem ','palm\r'),('pancuran ','pancoran\r'),('paradoks ','paradox\r'),('pascapanen ','pasca panen\r'),('pascaperang? ','pasca perang\r'),('pascasarjana ','pasca sarjana\r'),('paspor ','pasport\r'),('pedas ','pedes\r'),('permak','vermak\r'),('pensil ','pinsil\r'),('persepsi ','presepsi\r'),('perspektif ','perespektif\r'),('pikir ','fikir\r'),('prancis ','perancis\r'),('presidensial ','presidental\r'),('produktif ','produktip\r'),('produktivitas ','produktifitas\r'),('proyek ','projek\r'),('provinsi ','propinsi\r'),('putra ','putera\r'),('putri ','puteri\r'),('quran ','qur?an\r'),('ramai ','rame\r'),('rapi ','rapih\r'),('rapor ','raport\r'),('reaumur ','reamur\r'),('respons ','respon\r'),('resistans ','resistan\r'),('reumatik ','rematik\r'),('rezeki ','rejeki\r'),('rezim ','resim\r'),('risiko ','resiko\r'),('roboh ','rubuh\r'),('roh ','ruh\r'),('sahih ','sohih\r'),('saksama ','seksama\r'),('sambal ','sambel\r'),('sanksi ','sangsi\r'),('satra ','sastera\r'),('satai ','sate\r'),('saus ','saos\r'),('sekadar ','sekedar\r'),('sekretaris ','sekertaris\r'),('seprai ','seprei\r'),('setrika ','seterika / strika\r'),('sintesis ','sintesa\r'),('sopir ','supir\r'),('standardisasi ','standarisasi\r'),('statosfer ','statosfir\r'),('subjek ','subyek\r'),('survei ','survey\r'),('sutra ','sutera\r'),('swiss ','swis\r'),('syahid ','sahid\r'),('syawal ','sawal\r'),('teknik ','tehnik\r'),('teladan ','tauladan\r'),('telepon ','telpon\r'),('tenteram ','tentram\r'),('termosfer ','termosfir\r'),('tobat ','taubat\r'),('transpor ','transport\r'),('triliun ','triliyun\r'),('tripleks ','triplek\r'),('trofi ','tropi\r'),('umrah ','umroh\r'),('unta ','onta\r'),('urgen ','urgent\r'),('urine ','urin\r'),('ustaz ','ustadz\r'),('utang ','hutang\r'),('varietas ','varietes / varitas\r'),('wali kota ','walikota\r'),('yogyakarta ','jogjakarta\r'),('yudikatif ','judikatif\r'),('zaman ','jaman\r'),('zamrud ','jamrud\r'),('zamzam ','zam-zam\r');
